FSC-A,FSC-H,FSC-W,SSC-A,SSC-H,SSC-W,B220-FITC,GR1-PCP_Cy55,F480-APC,CD86-AF700,CD11b-APC_Cy7,MHCII-BV421,LDyellow,tdTomato,CD11c-PE_Cy7
136,131,267,24,25,250,463,320,177,174,198,279,389,125,200
154,141,280,24,24,257,231,416,199,195,130,190,209,135,178
124,121,261,11,13,225,575,173,69,152,68,391,323,123,124
221,172,328,156,131,304,440,542,599,526,692,559,631,270,660
250,155,414,234,177,339,624,692,592,470,598,566,684,620,872
127,123,264,15,14,268,170,104,65,157,45,159,123,108,97
158,155,261,18,18,245,542,120,147,170,90,437,314,122,117
143,138,266,18,19,242,541,245,125,166,127,548,407,129,128
171,164,267,24,22,276,234,362,475,274,345,185,361,183,254
121,116,266,15,15,264,305,306,344,246,288,203,386,164,317
144,142,259,17,17,247,497,203,158,169,148,291,342,142,148
154,152,259,16,17,242,257,290,351,240,330,157,342,131,227
150,146,264,17,18,231,219,123,101,169,113,178,328,114,132
163,147,284,27,27,255,426,249,157,171,217,253,436,156,197
178,148,306,117,113,266,299,833,679,610,689,162,353,173,580
156,147,271,26,27,249,402,342,365,208,337,220,394,234,489
214,196,279,48,48,257,398,543,626,519,558,735,581,436,575
148,140,271,17,18,249,188,210,116,183,136,142,261,123,152
242,157,394,54,38,369,315,437,444,280,513,465,442,289,655
176,138,326,105,93,291,347,335,129,188,132,250,494,180,160
200,182,281,38,36,270,246,700,520,462,629,225,391,120,484
161,151,273,18,18,255,159,717,522,471,557,171,180,136,464
155,140,284,37,19,504,568,731,567,475,503,596,475,155,391
129,120,276,174,167,266,522,580,345,329,465,436,576,175,413
126,104,310,73,69,270,313,789,535,521,631,146,433,538,535
272,204,342,117,87,343,320,852,677,635,791,386,469,157,652
143,132,278,29,29,257,481,267,155,170,139,668,468,112,132
164,156,269,18,19,246,275,296,305,211,423,160,387,157,309
348,250,356,188,148,324,535,676,620,503,560,458,714,586,819
185,182,260,21,22,241,292,370,172,162,123,230,433,124,191
483,364,340,342,262,334,469,589,319,253,209,344,574,270,262
154,139,284,126,116,280,279,425,660,514,632,187,351,155,484
150,139,276,24,16,381,428,384,86,172,129,535,416,146,130
157,152,265,20,21,248,222,252,395,259,383,160,361,137,313
141,135,268,19,20,240,297,292,110,173,112,213,395,147,146
156,151,264,58,57,263,334,303,151,167,85,202,509,154,126
122,117,268,14,15,241,298,290,109,162,71,222,409,123,157
166,162,263,16,16,266,265,368,186,200,198,208,382,148,191
255,205,317,37,29,325,575,393,118,173,124,569,518,150,157
174,159,280,27,25,279,220,184,339,192,234,171,319,214,246
143,136,269,13,14,244,253,298,149,206,147,197,367,134,154
134,108,316,73,64,292,346,848,678,612,679,249,472,165,568
162,159,260,20,20,254,288,546,378,257,335,191,323,124,262
335,224,382,84,61,355,579,551,610,500,661,675,537,181,514
169,154,282,58,55,272,252,742,576,506,594,179,368,149,478
130,106,314,234,213,281,321,664,530,483,659,220,452,151,508
167,149,288,41,39,270,330,407,581,443,559,654,500,257,500
169,162,266,16,18,239,304,269,286,212,308,209,344,165,309
137,136,258,17,18,237,503,175,136,163,143,454,333,129,132
159,153,266,20,20,250,512,338,93,173,136,413,430,162,146
139,129,276,24,23,269,336,289,379,231,329,190,422,136,156
136,130,268,20,21,248,355,124,137,171,149,235,287,122,142
271,202,343,186,162,293,383,435,198,196,174,259,502,190,149
169,154,280,63,62,259,367,786,660,577,658,298,476,159,518
260,199,335,218,163,342,470,514,205,192,209,378,591,276,203
140,136,264,17,18,249,588,320,189,178,162,311,356,142,152
157,154,261,15,16,239,542,110,110,180,129,515,337,110,122
169,138,315,98,89,282,474,445,227,190,167,414,557,221,173
201,193,267,81,80,260,272,842,719,632,698,291,451,145,570
286,246,297,122,112,278,479,511,278,218,233,399,603,270,251
218,175,320,46,40,297,388,432,156,198,175,349,514,158,323
288,268,276,115,109,271,382,317,158,209,142,321,577,184,142
144,117,315,91,84,279,292,373,187,210,170,249,443,166,152
135,126,274,21,20,265,296,288,100,193,153,208,415,134,138
149,144,266,20,20,257,372,233,196,198,277,188,356,154,269
163,142,293,35,33,273,319,654,677,561,631,217,439,141,485
142,137,266,28,29,249,523,257,111,169,93,498,377,121,132
133,119,285,19,19,257,443,242,136,174,121,645,446,138,164
197,175,288,125,104,307,430,832,637,601,710,467,568,201,583
171,149,293,54,52,268,282,821,628,573,644,177,410,145,545
255,209,312,40,33,315,601,289,114,176,155,525,428,128,129
164,129,324,39,29,342,348,433,154,188,235,262,489,178,246
120,115,266,24,25,249,133,216,97,188,165,106,294,114,149
136,116,300,141,121,299,285,882,695,650,723,266,420,151,610
141,133,271,20,21,249,294,326,170,203,177,225,353,135,149
184,178,265,29,29,261,510,494,411,309,471,519,399,132,309
131,130,259,14,15,248,243,237,167,172,88,122,519,122,150
140,133,269,16,16,252,468,276,204,165,188,484,418,152,190
159,155,262,14,14,250,473,150,97,161,96,237,378,132,142
287,222,331,137,118,298,535,532,253,279,362,456,601,246,246
214,155,352,194,164,302,516,602,872,767,912,551,618,307,756
152,139,279,21,16,344,368,220,118,173,162,194,489,136,141
161,146,283,38,37,264,214,740,568,513,652,155,316,149,506
159,149,273,20,20,254,305,351,131,174,168,198,435,267,306
260,236,282,85,84,259,400,363,196,180,132,278,466,207,195
123,115,274,31,32,249,197,333,90,154,102,130,275,117,138
167,157,272,22,23,243,159,543,208,247,141,96,194,127,151
150,143,267,14,15,243,208,180,148,154,109,209,281,119,162
447,337,340,167,140,304,457,470,235,200,150,352,572,270,183
150,147,261,11,12,231,500,220,79,164,88,479,356,140,119
309,252,313,162,127,325,414,914,777,708,794,479,583,214,673
152,144,271,17,17,252,269,216,74,180,103,200,382,145,146
176,155,290,90,86,268,398,840,654,597,699,445,513,198,572
154,144,273,24,23,271,228,261,125,148,127,161,328,110,123
157,152,265,16,18,235,240,179,386,231,272,156,301,176,224
302,221,350,364,283,329,580,727,555,489,579,458,691,571,813
186,179,267,18,19,236,484,279,193,177,118,695,481,141,104
332,255,333,187,156,306,431,893,686,649,773,379,561,224,664
237,184,331,32,25,327,335,412,355,237,268,269,433,158,185
151,145,268,23,23,255,260,224,404,284,476,154,235,159,435
167,164,261,13,13,243,266,314,77,139,47,196,336,130,114
134,129,266,14,15,241,544,196,125,171,161,286,289,115,152
130,124,267,16,13,301,546,360,165,162,132,435,418,120,126
128,124,265,16,16,250,548,214,113,159,87,442,388,122,183
162,157,264,15,16,243,534,236,143,152,106,433,358,136,144
296,228,332,68,56,307,425,814,693,608,679,360,562,215,563
145,138,268,19,20,243,209,158,130,171,94,143,314,131,124
166,158,269,68,64,274,325,738,636,545,633,377,472,204,500
263,211,319,32,28,295,547,346,121,208,118,508,461,173,293
157,149,269,24,22,283,566,305,147,178,125,413,340,121,150
123,119,266,16,17,246,516,166,45,140,142,582,390,134,174
178,155,294,115,106,277,237,871,670,616,651,190,399,144,565
146,137,271,17,16,276,266,334,152,184,91,195,403,135,115
197,138,364,145,117,317,522,629,537,408,473,408,642,528,785
124,123,259,16,13,314,428,251,155,166,104,244,396,146,121
152,149,262,13,14,250,532,316,109,168,104,428,376,129,144
150,145,265,15,16,248,203,307,107,183,139,196,331,122,186
163,134,310,126,113,286,285,843,630,592,673,278,453,149,564
160,141,290,161,155,266,324,458,557,439,563,230,541,149,392
192,151,325,51,44,300,518,811,727,629,704,458,461,160,576
167,160,267,22,23,247,227,211,447,305,395,145,287,112,207
143,125,293,34,20,430,329,715,395,404,297,242,461,135,346
184,168,279,41,40,261,324,406,585,460,624,444,464,197,574
387,319,310,188,166,289,509,620,538,417,530,408,626,390,794
339,270,321,262,233,288,541,609,413,363,475,474,635,425,733
137,130,270,15,16,235,305,291,129,187,130,260,405,115,153
169,158,273,24,20,304,321,284,354,219,408,157,382,152,358
314,238,337,49,36,344,551,423,237,193,257,643,494,148,169
163,152,273,20,20,249,257,255,531,368,451,146,313,151,231
255,187,350,75,64,300,586,570,499,334,293,547,622,529,507
121,106,291,23,22,276,399,242,97,159,124,264,504,101,172
163,159,263,19,19,254,238,248,353,217,414,161,289,141,287
150,144,266,10,11,237,290,340,156,161,120,229,366,145,146
151,100,388,166,115,370,376,878,728,663,783,573,526,171,657
140,136,263,12,13,240,490,195,105,152,104,357,326,124,118
163,152,273,14,15,245,279,256,135,195,164,251,386,160,146
132,121,281,28,28,252,211,307,170,188,111,154,267,131,127
167,150,285,24,23,262,324,292,501,389,543,168,353,168,366
135,128,269,16,15,269,275,243,171,213,175,179,383,123,133
147,145,259,17,17,262,519,282,159,154,112,439,366,134,149
147,143,263,21,22,244,261,299,544,388,428,187,353,143,276
125,120,267,13,14,241,497,257,132,166,131,514,420,123,170
121,107,289,73,68,275,354,839,633,610,727,371,465,181,594
260,154,432,29,20,372,368,408,336,284,402,377,471,168,443
155,132,300,83,79,270,342,814,628,584,710,419,536,167,580
194,178,280,93,88,271,412,410,217,186,148,581,568,220,161
172,166,266,23,22,267,352,259,383,236,285,213,420,158,184
146,141,265,16,17,237,229,214,123,167,123,198,387,130,159
409,316,332,150,134,287,476,606,424,340,524,338,612,399,803
217,170,327,35,30,295,618,319,141,174,164,580,449,137,152
127,117,277,22,20,279,269,294,81,171,81,189,392,133,132
139,125,284,64,59,279,363,718,606,516,612,358,495,142,484
183,166,282,58,56,263,280,625,526,463,639,208,396,150,482
132,127,266,12,13,241,520,289,161,189,173,499,384,143,186
260,203,328,156,112,356,535,558,353,236,205,441,652,298,200
143,139,265,15,16,239,509,318,130,195,109,468,361,142,167
376,280,343,235,200,301,460,494,345,265,237,298,578,258,208
148,142,267,20,21,243,191,136,122,171,114,250,327,134,146
354,272,334,201,165,311,457,870,772,682,766,622,532,202,638
145,140,264,14,15,237,271,310,80,158,120,213,404,120,130
137,133,264,16,17,247,269,249,133,165,154,211,392,138,149
143,138,264,17,18,244,532,238,112,155,150,490,374,127,128
180,159,290,218,202,277,377,558,540,432,612,301,542,177,446
178,173,264,22,23,244,373,338,375,230,381,182,378,225,502
178,172,265,23,23,254,304,328,445,278,380,214,396,182,262
169,160,270,14,15,244,282,305,93,183,125,157,398,139,142
161,147,280,23,23,248,297,640,326,301,212,204,376,169,239
139,136,262,11,10,283,535,264,106,175,124,414,416,149,139
217,173,322,27,23,310,516,425,236,208,232,385,466,140,162
126,117,275,62,59,270,235,744,564,513,576,303,368,147,455
159,157,260,38,37,260,313,408,165,178,115,274,458,125,111
129,119,277,79,75,270,279,824,672,594,671,270,392,134,550
167,145,295,39,39,259,417,371,188,520,426,618,425,131,196
205,162,324,27,23,305,618,372,77,171,138,547,484,148,120
253,186,348,202,173,298,495,602,550,421,507,367,589,468,770
176,165,273,25,25,259,310,229,367,281,482,169,384,174,475
172,162,271,22,20,285,204,380,139,177,175,151,187,118,122
127,96,340,60,49,317,358,458,245,222,167,324,517,184,227
134,127,270,28,28,252,264,264,482,333,437,165,307,160,415
138,134,264,16,17,243,388,170,145,183,120,234,218,135,142
215,185,297,61,40,395,359,536,619,501,651,286,506,166,493
242,150,415,205,115,457,463,873,775,687,746,521,587,299,630
188,167,288,37,37,260,422,512,522,422,552,508,532,318,560
133,127,267,30,30,255,540,275,126,164,111,362,425,125,131
138,131,269,16,16,259,518,259,144,164,155,454,427,134,134
147,144,261,19,19,247,470,287,126,164,160,332,331,131,134
147,142,266,24,25,243,533,178,95,151,59,418,335,113,134
245,188,333,228,194,301,382,469,511,412,616,513,602,304,513
120,111,276,24,19,326,275,291,381,283,424,205,447,132,254
214,179,307,190,175,279,297,450,548,419,575,236,434,179,431
178,142,321,50,38,336,395,485,386,268,390,292,513,193,288
199,176,289,66,61,275,439,486,250,198,240,348,563,223,160
166,137,309,240,210,293,374,608,686,555,641,417,541,241,514
142,125,290,22,22,255,225,111,116,227,152,191,346,151,134
426,330,331,139,115,309,456,838,632,605,742,506,623,248,644
146,132,283,30,29,263,321,356,172,193,149,235,470,137,137
175,167,269,23,24,248,359,370,507,378,458,194,443,340,516
157,147,274,18,18,255,302,477,213,200,168,203,425,141,163
147,144,261,14,13,268,526,276,112,168,146,396,393,142,170
148,144,264,18,16,284,420,340,126,180,122,421,401,140,149
125,120,267,22,23,249,310,294,154,174,117,206,408,169,145
284,213,342,148,118,320,345,911,718,660,717,213,465,189,622
136,130,268,16,17,229,555,173,65,134,52,150,220,160,99
162,157,264,15,17,232,439,208,146,153,77,193,350,172,144
193,165,299,221,211,269,334,393,569,450,622,244,456,191,448
159,152,269,21,19,281,318,330,106,173,155,213,419,165,143
132,127,267,13,12,274,479,244,145,176,115,174,347,171,152
196,156,322,48,41,294,636,355,175,174,136,230,470,181,185
162,155,267,14,14,256,249,243,129,205,129,189,355,175,150
151,148,261,11,12,225,249,355,112,171,100,167,359,169,169
166,159,266,21,21,246,385,233,267,193,329,149,302,183,383
229,177,330,43,33,339,511,337,155,178,108,244,454,202,129
162,153,271,18,19,245,256,217,151,230,169,171,216,181,148
160,125,328,205,148,356,404,635,637,534,667,266,533,216,522
148,141,269,23,24,250,596,266,122,160,136,183,375,166,126
207,197,270,19,20,237,314,306,355,284,330,230,443,198,257
339,256,340,192,166,297,481,483,229,205,155,334,582,279,233
189,165,294,123,116,272,274,818,708,617,660,177,408,186,543
180,165,280,154,152,259,332,428,653,524,599,226,440,192,443
278,210,339,168,134,320,460,891,667,642,727,307,534,240,608
159,153,267,19,20,247,234,423,472,323,421,199,370,178,259
182,166,280,151,130,298,419,865,733,643,664,314,582,242,583
133,127,268,29,16,447,498,300,176,164,112,233,433,177,159
201,185,278,41,40,264,242,596,642,535,658,154,351,167,495
151,143,269,22,22,247,270,257,361,221,315,199,335,174,173
233,187,319,41,31,334,410,458,446,290,442,230,483,219,520
138,133,265,23,24,245,516,246,134,173,152,211,357,174,161
158,148,274,36,23,406,540,265,129,172,156,190,455,175,122
167,162,264,15,16,231,215,162,371,242,324,159,277,152,197
354,264,343,270,228,303,567,673,559,465,559,385,701,435,801
161,143,289,126,122,264,518,629,489,371,326,351,666,601,583
145,142,261,12,13,232,515,261,167,154,140,189,374,163,149
146,137,272,19,16,305,509,236,139,135,112,163,348,167,134
202,137,379,122,107,293,463,812,624,581,696,351,561,213,570
138,136,261,20,21,245,544,332,175,182,139,201,421,185,122
132,128,264,12,13,241,368,289,122,174,142,208,401,169,135
140,134,268,14,15,235,243,388,196,183,107,164,362,166,140
180,171,270,16,17,245,235,594,291,291,213,187,337,179,213
292,230,326,65,52,324,471,667,556,480,602,282,511,201,447
167,150,284,132,126,268,315,570,627,506,596,227,405,189,432
141,138,261,14,15,241,400,298,139,165,152,188,399,153,152
167,158,271,20,21,243,511,338,115,167,133,225,431,171,141
329,267,315,90,73,318,596,373,262,177,325,267,524,195,319
129,126,262,15,15,260,249,240,171,164,136,175,375,166,156
133,126,270,12,14,235,545,291,142,172,141,198,427,175,147
151,149,261,13,14,251,514,235,130,173,125,163,377,159,129
244,216,289,89,83,275,438,448,152,173,134,324,559,222,157
143,137,267,17,17,245,267,343,176,164,118,160,362,172,170
217,197,282,55,54,257,266,696,565,480,619,151,347,170,464
128,120,275,34,24,366,358,436,235,183,191,211,499,167,156
152,142,273,21,19,292,583,313,108,156,138,134,392,172,175
151,146,265,19,17,282,540,290,152,167,145,154,369,166,134
128,122,269,22,22,258,311,298,179,182,109,177,416,190,153
126,108,299,42,40,269,371,472,602,457,516,263,550,395,520
242,193,322,34,31,285,517,535,271,233,187,206,451,175,158
140,136,265,13,14,239,419,295,117,185,141,190,362,179,142
187,171,280,87,84,263,321,347,175,175,119,242,495,177,135
147,144,262,22,23,242,198,134,420,274,379,147,233,171,186
210,154,348,160,125,328,469,440,227,182,161,319,593,228,163
387,296,335,199,163,313,528,651,490,389,477,396,674,529,800
132,106,318,156,141,282,257,886,646,627,720,180,389,177,606
145,139,266,15,16,242,542,222,112,166,93,178,386,172,168
144,142,261,19,19,248,200,257,363,242,336,164,298,172,199
189,153,316,25,23,275,548,363,318,228,315,282,485,196,270
219,174,322,65,58,286,593,365,142,165,118,226,478,176,138
162,154,269,24,24,254,251,397,580,432,545,177,399,245,486
143,139,262,14,15,243,535,269,123,166,120,191,387,170,146
196,175,286,149,147,260,325,470,593,516,710,222,454,188,528
215,194,284,185,180,264,366,470,622,481,527,242,455,190,363
187,163,294,196,187,268,369,497,646,521,612,219,477,183,440
150,145,264,14,16,233,506,270,79,174,129,181,332,176,111
138,112,317,217,193,288,271,519,663,533,642,217,421,187,482
191,166,294,224,208,276,326,520,647,521,609,199,374,203,442
149,144,264,12,14,218,273,241,115,176,112,201,332,170,119
176,153,295,116,112,264,285,777,601,541,638,172,387,175,517
158,157,258,17,19,228,164,127,260,213,198,121,24,172,175
151,139,276,31,31,257,220,167,114,143,85,156,258,160,125
178,163,279,25,25,250,263,699,414,385,270,193,357,183,367
287,219,336,133,114,300,568,609,416,333,272,393,653,325,301
197,139,363,185,154,307,536,612,567,416,417,357,634,496,686
377,288,335,131,109,308,382,880,735,660,712,274,572,335,650
139,133,267,22,18,314,551,260,136,171,171,212,413,175,175
231,186,319,42,40,268,353,293,133,171,112,226,423,196,147
219,201,279,47,46,260,255,698,609,529,633,158,375,181,492
165,160,264,18,19,242,313,404,451,289,392,230,422,196,315
211,192,282,40,37,271,280,789,568,526,623,202,392,182,504
160,155,265,16,17,246,203,235,136,173,135,153,294,164,144
393,289,347,78,58,343,637,354,181,176,132,241,505,171,127
482,354,349,172,152,289,530,650,611,481,416,372,673,607,687
138,133,266,16,17,243,585,324,130,166,124,201,426,170,143
146,143,261,16,17,231,251,282,415,231,299,188,323,175,161
362,314,296,54,48,284,622,334,196,166,129,238,461,202,121
342,257,341,107,93,296,480,540,665,537,600,392,614,450,561
145,112,332,145,137,272,201,836,663,596,666,154,378,176,551
127,120,270,15,14,265,266,272,131,172,132,180,380,180,168
156,144,276,23,24,253,180,282,136,195,131,147,230,172,151
215,112,491,32,17,484,359,323,226,199,184,208,454,188,158
259,206,322,117,105,285,454,577,599,500,640,310,579,276,665
169,155,279,25,26,252,432,395,490,324,379,281,479,183,194
133,120,282,30,28,270,384,392,543,381,393,255,488,222,276
210,186,288,176,167,270,353,493,604,464,555,253,479,197,379
142,136,267,18,20,234,286,293,374,217,246,208,364,210,217
148,120,316,121,111,281,380,818,655,591,696,239,535,197,579
153,145,269,17,18,249,298,326,170,252,203,209,405,182,162
183,167,281,171,163,268,321,440,614,505,648,231,474,193,480
279,194,369,311,227,352,393,864,732,660,746,245,503,200,619
285,203,359,62,51,313,682,414,86,184,167,241,487,202,290
268,152,451,27,15,448,384,482,181,158,144,267,564,212,297
124,123,258,25,24,260,173,273,131,147,132,146,316,167,159
143,140,263,16,15,263,239,240,119,179,119,193,363,175,144
152,148,263,19,21,235,489,231,71,159,93,170,339,181,115
149,127,299,175,168,267,335,419,641,518,661,218,433,197,496
158,153,263,21,22,249,476,256,181,176,175,186,340,174,158
119,96,317,157,142,283,228,818,732,636,659,181,377,182,549
263,221,305,86,80,274,370,299,107,163,122,218,465,206,143
519,375,354,182,147,317,431,793,684,598,695,261,607,359,672
145,140,265,15,15,241,303,288,172,191,154,218,422,166,151
156,152,263,17,17,260,506,263,182,173,183,205,362,166,157
169,162,267,18,18,252,312,237,469,312,454,174,364,204,444
256,188,348,39,31,323,636,464,161,204,203,313,546,205,175
169,154,282,45,43,271,317,270,112,149,93,211,398,177,122
194,160,311,35,34,261,391,419,139,217,129,284,481,193,162
260,195,342,171,146,299,510,588,514,372,351,384,634,518,621
364,317,294,98,88,287,455,488,228,222,246,312,605,240,266
350,215,417,261,168,398,464,734,658,562,672,354,603,270,570
331,238,355,167,147,292,410,403,214,181,135,232,526,216,179
147,144,262,8,9,214,308,424,507,348,359,229,420,174,229
187,146,328,51,44,301,588,435,180,222,202,282,553,196,174
203,152,343,245,193,326,470,451,158,180,93,370,590,253,119
155,141,283,34,34,255,378,378,182,177,116,278,517,200,148
144,138,267,13,13,258,286,225,83,170,122,203,390,173,152
159,151,271,21,22,253,362,338,487,329,415,237,443,232,353
133,129,265,13,15,223,540,242,118,154,110,165,320,174,101
226,188,309,135,118,293,502,570,450,322,420,337,610,440,693
171,163,269,20,20,248,424,341,347,209,270,226,438,268,304
284,203,358,179,139,328,425,881,720,652,734,287,532,214,613
175,144,311,233,216,276,323,407,626,498,651,194,453,200,479
164,157,267,25,26,253,351,405,386,242,266,213,454,347,367
367,278,338,61,49,319,692,415,195,178,202,272,536,209,180
136,130,267,14,15,235,319,271,173,182,129,221,380,176,170
155,129,306,51,46,283,425,479,229,218,172,312,550,222,197
263,185,363,146,123,304,486,555,398,287,471,327,595,324,742
143,138,266,16,17,235,260,264,95,157,130,152,345,169,144
158,137,294,45,24,473,354,448,470,335,417,261,494,185,256
121,111,278,38,19,512,330,421,223,214,154,202,475,177,178
147,142,265,21,20,264,435,338,130,173,149,195,449,173,216
126,116,278,51,42,311,348,475,179,195,141,213,506,195,174
190,171,285,151,147,262,263,493,637,515,623,183,385,179,454
121,114,270,38,28,346,349,420,207,197,138,246,525,198,184
207,190,279,107,98,280,301,828,691,606,656,187,380,173,543
135,128,270,16,18,224,292,174,106,183,85,217,371,168,114
140,132,272,18,15,304,534,253,146,145,110,176,384,173,167
138,137,259,11,11,247,493,294,144,173,158,215,355,187,146
236,188,321,191,169,289,559,682,562,426,404,379,714,679,719
155,149,266,12,10,299,532,198,93,158,127,143,331,164,224
203,126,412,29,18,425,299,422,187,153,129,192,518,188,171
133,128,266,14,14,244,518,276,149,187,118,184,384,177,139
194,185,268,138,137,256,347,395,606,477,564,220,453,179,394
144,141,261,19,19,249,374,159,161,165,150,169,323,165,155
131,125,268,11,11,247,542,298,147,162,142,184,417,174,151
171,150,292,118,114,267,201,822,609,572,650,173,287,184,534
142,137,265,20,20,248,540,221,141,162,124,168,327,165,146
157,145,276,83,82,260,286,320,590,463,609,201,377,185,441
161,131,315,222,208,273,323,426,685,555,618,204,396,190,454
120,114,269,21,17,316,269,234,155,167,98,195,409,164,125
144,138,267,17,17,253,529,289,159,159,116,202,399,164,152
189,170,284,20,18,279,513,195,113,160,129,156,459,170,138
131,128,262,17,17,264,507,261,142,160,98,174,345,152,133
191,177,277,198,191,265,311,481,557,460,625,231,435,180,456
167,163,263,23,24,240,268,185,75,145,68,184,355,178,114
170,155,281,34,34,254,270,634,628,504,586,168,352,196,436
163,144,290,26,26,254,529,613,340,284,253,296,515,299,446
163,155,269,25,27,240,415,368,138,160,123,267,505,181,151
136,132,263,14,15,237,452,257,135,164,158,193,350,177,147
124,121,263,12,13,243,220,310,138,181,169,165,353,170,152
170,161,270,18,15,304,301,330,127,182,115,215,435,183,157
120,116,266,18,19,242,209,224,78,173,134,153,364,167,132
121,118,264,21,22,249,280,314,142,206,169,169,322,163,134
163,156,268,20,20,247,354,362,410,247,282,228,453,228,221
153,141,277,21,18,303,466,276,161,168,135,177,421,186,143
365,299,312,121,110,281,545,576,499,364,454,318,599,458,750
163,141,295,123,115,275,347,838,703,623,646,247,472,194,536
231,184,322,36,30,305,636,407,153,159,191,181,432,177,155
127,114,286,22,21,268,333,369,529,396,476,234,437,191,342
170,123,354,152,132,295,374,377,194,170,138,285,527,216,167
121,103,301,91,84,275,457,511,375,258,230,303,659,379,557
417,320,333,60,44,346,683,443,191,193,226,292,533,201,217
132,125,270,18,16,274,530,234,164,164,130,176,279,166,143
122,98,319,135,123,280,273,882,658,633,708,195,381,190,600
167,157,273,17,17,250,263,280,165,206,118,177,307,176,149
146,123,304,48,43,286,448,448,230,201,143,349,550,213,140
164,156,268,21,21,248,230,189,103,173,364,154,236,165,243
323,228,361,187,134,357,411,912,734,681,769,277,524,215,659
153,147,265,20,19,269,536,242,108,164,121,168,297,160,134
137,132,265,21,21,258,493,284,175,198,203,163,364,169,159
163,133,314,39,22,465,381,536,221,250,259,283,541,205,331
142,137,265,15,17,235,532,270,116,168,107,199,382,167,125
277,206,345,56,46,311,339,562,452,369,491,244,480,201,388
150,145,265,15,15,251,547,315,95,162,117,177,381,166,150
153,148,264,13,14,240,261,327,104,170,133,187,389,179,149
168,151,285,189,181,268,348,523,623,507,624,266,461,169,471
159,154,264,16,18,235,318,616,266,246,94,193,399,140,194
268,153,448,30,15,500,590,298,133,178,149,649,465,148,151
290,210,355,155,129,308,611,862,691,624,674,588,517,165,567
221,196,288,66,54,315,390,757,636,553,677,337,518,264,665
147,141,268,26,25,270,242,340,100,157,151,168,426,140,129
120,116,265,12,12,273,307,341,162,198,104,251,504,147,153
140,134,268,27,24,282,564,344,130,170,129,517,457,150,158
127,122,265,18,18,248,276,308,155,174,128,191,390,159,154
122,114,273,16,16,255,279,335,111,173,145,212,392,168,152
146,141,265,15,16,234,501,115,83,163,95,609,437,145,127
171,165,266,24,23,260,320,310,416,276,358,280,463,137,235
360,288,319,45,36,326,568,362,149,210,137,521,469,144,170
225,179,322,47,39,305,610,404,133,171,148,597,491,171,192
182,161,289,116,102,291,306,802,688,604,703,391,469,133,568
144,125,296,63,45,358,394,453,220,221,186,498,592,197,171
159,153,265,29,30,249,414,309,338,203,346,153,365,202,530
204,188,279,158,148,274,323,608,639,517,622,236,401,158,456
144,141,261,17,15,288,525,287,107,150,140,528,401,132,125
343,266,331,74,56,342,679,461,184,188,261,596,535,176,204
162,146,285,23,23,252,332,693,345,360,274,253,480,136,282
176,163,276,21,23,234,284,204,168,186,118,185,378,149,107
288,246,300,45,41,279,357,446,629,492,585,591,507,163,398
140,136,263,17,15,291,543,300,124,170,114,309,388,117,135
177,157,289,162,153,272,301,440,588,467,665,514,483,148,517
158,150,269,28,27,270,250,554,285,248,134,162,212,125,179
265,207,327,198,171,296,579,691,521,404,449,496,718,663,790
184,143,330,221,176,321,602,687,530,389,440,519,759,660,623
121,111,279,20,18,279,607,281,162,166,122,439,414,137,163
179,166,275,27,28,246,287,240,116,158,86,220,392,122,122
146,141,266,15,14,261,583,281,80,155,152,558,416,115,133
365,259,361,64,46,353,686,423,172,160,166,606,531,184,214
161,152,270,22,22,264,302,298,132,204,107,193,405,147,147
349,275,324,181,159,292,443,838,721,640,718,410,623,383,674
196,185,271,23,23,257,270,283,135,171,106,237,373,144,158
133,127,268,17,18,242,591,264,106,186,139,402,372,134,134
163,153,272,30,30,254,282,330,460,291,364,222,369,265,313
139,133,268,15,17,233,260,91,54,158,62,117,317,119,104
219,200,281,51,50,260,388,539,589,442,561,421,515,339,578
139,136,262,14,15,247,540,284,192,165,166,476,441,134,145
159,150,272,15,15,252,547,325,147,167,161,444,393,146,213
179,165,278,32,28,294,220,557,231,244,142,164,319,145,208
156,130,307,71,67,273,318,894,751,678,697,267,451,507,592
188,168,286,110,105,270,276,848,625,578,613,206,406,133,526
283,209,346,68,32,549,575,481,226,225,130,589,614,245,190
143,88,416,227,206,282,539,469,612,526,704,465,491,177,537
146,138,271,34,33,259,290,261,142,178,207,145,333,291,561
168,160,269,29,30,248,200,226,458,311,488,153,202,142,417
186,171,279,44,45,254,372,645,591,489,592,278,483,173,434
166,158,270,28,28,257,363,376,412,259,373,235,454,212,400
170,155,280,165,158,268,292,580,671,538,601,233,411,171,447
208,186,286,33,30,273,392,779,699,593,639,325,501,184,521
165,154,275,25,21,301,559,335,182,189,166,307,481,144,195
168,162,265,22,22,264,271,210,458,358,543,131,317,155,413
169,155,279,23,24,252,371,667,371,344,221,268,452,168,250
128,121,271,19,21,241,321,199,443,290,451,165,374,155,272
143,137,268,24,24,263,537,259,102,165,137,500,456,141,134
145,142,262,18,19,244,551,177,80,150,111,358,301,122,101
118,96,315,125,115,277,226,736,576,510,620,246,368,135,488
194,181,275,54,53,259,286,794,591,553,631,237,410,141,520
323,231,359,101,73,354,541,661,428,390,512,694,531,194,426
122,117,267,19,18,268,267,415,219,198,192,300,442,135,180
129,130,255,10,11,230,418,255,129,162,105,346,378,109,118
147,136,275,22,22,250,315,332,142,172,132,236,445,136,135
142,123,295,124,118,270,331,861,668,612,683,337,464,173,586
177,167,271,21,22,248,345,372,434,289,414,207,426,309,528
157,150,268,22,23,245,181,230,127,169,146,143,333,141,152
141,138,262,14,17,224,298,230,478,327,439,203,363,197,363
134,129,266,14,15,241,529,232,105,168,119,395,397,127,155
154,150,263,13,14,235,589,247,107,160,150,547,444,137,131
187,147,325,110,99,284,391,605,371,520,496,885,666,550,765
164,152,277,22,22,252,265,375,114,211,99,174,390,152,96
250,184,348,115,97,303,511,597,316,275,245,484,639,294,296
185,162,292,70,58,310,307,693,506,468,578,407,493,171,475
291,233,319,97,90,274,442,512,462,297,341,304,552,341,637
165,156,271,19,20,244,347,344,486,334,442,209,441,212,390
145,139,267,14,14,266,539,287,247,185,154,521,430,128,156
158,151,269,20,19,272,298,215,139,176,156,236,429,162,125
185,172,276,26,25,261,208,537,211,254,159,106,213,137,202
118,112,271,18,16,291,287,399,141,198,107,228,420,127,184
253,175,371,160,133,307,605,860,691,628,711,510,483,137,600
174,169,263,19,18,277,317,300,477,313,431,220,432,176,318
227,205,283,106,98,276,268,840,637,591,666,292,429,149,557
180,174,266,17,17,268,252,180,86,179,111,170,349,129,118
127,121,269,15,17,236,305,287,95,186,101,206,380,155,104
130,129,258,13,14,232,486,226,122,174,117,548,395,141,142
229,171,343,205,178,294,508,624,593,454,429,510,690,569,726
160,157,262,21,20,268,412,379,486,347,449,225,456,197,357
152,126,308,125,112,285,269,846,650,617,743,257,399,168,615
133,126,270,25,25,252,305,470,164,175,109,185,453,130,143
151,147,263,16,17,240,565,244,132,165,145,527,367,132,180
265,234,289,141,131,275,563,568,268,222,203,491,663,322,252
400,296,346,146,115,326,394,818,689,608,658,328,524,323,613
175,170,263,18,19,241,299,313,507,374,418,205,408,282,342
134,131,263,9,10,229,512,299,154,167,103,454,398,127,137
151,144,268,14,15,244,507,321,178,159,128,534,397,130,170
128,113,291,82,80,264,285,814,720,629,700,502,457,131,554
127,100,325,92,81,293,342,819,704,607,636,264,443,168,532
154,148,266,21,22,240,305,264,128,173,134,232,420,148,146
136,129,269,25,23,281,594,314,175,180,98,547,372,145,150
238,191,319,58,47,319,383,757,628,550,666,368,518,177,533
167,161,267,22,22,261,364,282,329,242,522,191,377,151,394
180,164,281,148,140,269,303,817,674,592,658,292,461,154,550
147,133,283,48,42,290,342,599,285,297,308,300,552,158,305
161,157,263,14,15,230,578,266,142,154,125,492,413,126,152
150,144,267,15,15,255,533,347,156,175,129,617,421,147,151
145,138,269,13,15,236,260,240,81,157,86,181,368,117,125
300,204,377,62,47,334,663,407,96,187,143,619,546,190,146
132,128,264,9,10,228,537,252,201,169,172,413,396,132,160
151,144,269,25,23,274,373,214,158,208,180,556,413,133,155
135,129,267,12,13,223,316,200,329,208,238,203,349,211,218
161,153,270,20,19,275,528,300,139,188,160,576,452,152,153
152,134,291,52,47,280,256,776,627,553,635,184,356,159,513
150,144,267,15,16,239,294,246,133,172,111,217,369,151,146
244,224,279,24,25,248,337,521,561,417,495,229,486,155,353
163,157,266,17,17,256,534,268,142,138,111,612,453,142,135
246,193,326,43,37,299,518,714,398,407,295,506,486,156,333
124,100,316,135,126,274,255,862,617,601,669,159,352,136,559
131,124,270,14,14,263,524,298,173,160,158,489,411,117,162
135,130,266,28,27,259,476,262,129,157,124,474,431,141,151
291,229,325,112,100,287,446,395,94,161,112,544,587,223,173
201,171,302,95,90,272,293,876,648,608,677,285,370,159,575
184,177,266,24,23,269,316,552,219,239,145,226,443,147,172
193,179,275,25,25,251,268,403,425,280,506,438,411,197,561
162,116,359,31,17,467,342,333,175,184,155,451,514,156,180
152,130,299,146,137,274,281,846,639,598,647,222,363,169,544
152,147,265,14,14,254,282,249,280,215,273,319,335,163,217
261,227,294,123,115,274,445,504,193,202,155,450,583,237,181
153,146,267,16,17,243,450,376,192,161,231,308,442,159,239
155,147,270,18,19,244,339,310,457,268,317,209,410,154,239
151,145,267,15,16,240,503,212,139,187,117,556,419,127,125
194,150,331,150,127,303,468,576,488,350,442,412,585,394,736
146,138,272,22,21,275,833,516,161,173,194,565,590,151,198
148,119,317,168,156,276,304,888,752,671,699,234,395,140,596
148,144,263,21,20,274,534,255,151,168,157,600,437,157,172
189,146,332,172,117,375,483,544,340,238,200,339,619,280,244
124,122,261,11,12,226,494,187,151,163,149,451,389,134,126
201,189,273,21,23,241,351,351,505,341,418,376,459,160,258
165,152,278,21,23,243,351,683,360,373,257,263,406,155,306
307,256,307,52,45,295,659,392,191,171,290,584,488,196,528
333,217,392,40,26,385,632,412,211,187,182,583,534,170,130
149,143,267,15,16,235,440,247,132,178,136,503,424,136,143
194,170,292,53,50,269,368,523,658,543,638,805,606,427,667
143,137,266,20,21,244,527,276,216,173,196,201,404,161,277
199,180,284,63,62,262,308,509,622,506,631,563,466,189,519
321,271,303,105,96,282,524,532,241,213,123,379,616,295,181
146,121,308,217,194,286,341,502,676,549,629,239,451,188,467
123,119,264,18,15,304,533,300,104,161,144,385,383,120,154
188,176,274,31,30,266,345,545,580,460,608,323,474,204,566
172,164,268,15,16,245,140,181,109,165,136,154,221,129,136
139,135,263,18,18,258,310,433,424,290,378,222,421,148,234
167,160,267,16,16,264,203,190,487,345,485,127,169,167,423
150,145,264,23,22,269,409,196,132,164,128,534,373,132,166
158,149,271,13,14,237,427,204,186,177,111,544,394,127,140
139,136,263,16,17,229,387,238,104,166,130,339,337,132,129
132,125,270,22,23,250,553,234,118,171,121,631,438,124,142
146,142,264,19,18,273,573,287,151,152,125,442,427,135,133
139,136,262,12,12,262,553,313,125,159,111,460,448,125,145
120,115,268,14,15,245,287,279,131,179,124,213,380,130,135
145,140,265,16,17,246,521,237,138,164,226,479,356,134,158
154,148,266,21,21,250,311,222,337,196,343,174,351,142,210
145,140,266,33,33,255,596,314,218,190,148,548,445,146,148
247,142,445,42,24,452,591,353,100,164,96,502,479,145,158
213,169,324,44,36,316,589,297,159,160,131,636,479,157,132
123,124,255,8,7,287,207,104,110,149,57,146,519,119,159
403,282,365,267,230,297,528,619,595,463,455,432,649,476,742
192,184,267,24,25,249,240,376,550,419,543,641,473,342,589
244,189,331,38,32,306,522,581,273,234,151,418,382,160,194
149,141,269,18,18,248,282,551,243,238,167,229,432,146,146
156,117,340,97,73,337,428,613,283,287,224,291,582,188,220
469,351,342,189,168,289,435,507,257,244,185,257,545,264,183
153,152,257,22,23,251,258,244,146,165,121,191,417,129,150
169,164,265,17,17,254,301,340,355,271,322,209,373,180,308
155,148,267,13,14,245,528,325,178,172,158,627,439,162,158
127,119,272,29,23,312,335,347,146,213,169,242,382,145,182
161,155,265,15,16,243,284,321,491,339,414,219,414,147,198
160,157,261,21,21,256,528,301,85,171,142,521,443,145,141
169,158,273,18,19,237,362,503,193,201,164,211,462,154,192
326,246,340,159,130,314,350,863,688,638,762,423,494,233,703
204,174,301,114,101,288,299,811,618,569,698,383,487,165,568
160,154,267,21,19,279,209,107,101,160,107,158,242,135,142
222,185,307,44,36,313,473,467,168,198,188,330,516,149,187
129,115,288,63,60,268,235,817,640,596,737,234,399,135,600
142,122,298,18,14,335,246,355,415,256,339,173,331,152,237
127,124,261,17,15,288,198,329,146,149,93,164,327,127,110
165,121,348,216,189,293,393,547,539,440,587,301,530,189,411
128,115,285,57,52,277,281,766,583,544,667,255,398,147,527
182,160,290,91,87,269,239,810,607,557,653,222,370,130,537
124,115,276,30,29,267,367,317,127,166,104,271,467,180,158
117,103,291,87,80,280,330,781,683,595,693,288,452,144,563
368,288,327,256,221,296,607,609,498,361,415,463,643,517,727
269,204,338,151,137,283,541,562,237,203,220,556,636,280,265
155,134,296,111,107,266,262,689,621,525,626,300,408,149,483
149,140,272,17,17,266,305,314,142,180,157,233,412,147,142
165,162,261,24,24,260,569,349,133,173,161,514,447,154,138
208,178,300,165,153,276,301,809,646,586,698,260,445,135,560
315,239,338,217,155,358,454,907,760,688,744,517,642,279,645
185,177,267,17,15,293,317,446,156,200,129,341,440,137,139
166,144,295,119,112,272,309,828,626,582,675,256,440,160,548
138,136,259,14,15,245,488,268,122,171,123,610,448,138,148
159,155,263,21,22,240,264,247,318,215,326,173,341,133,158
203,188,277,31,30,257,376,586,670,535,558,273,478,157,395
184,167,282,28,28,256,515,567,247,242,168,344,512,315,393
128,126,260,7,8,221,497,232,149,169,118,517,349,118,121
187,166,289,81,80,261,292,856,720,643,716,308,418,508,607
244,200,313,36,28,330,562,423,164,214,104,472,505,166,129
206,192,275,29,29,257,310,697,585,500,619,214,449,170,490
207,162,327,37,31,310,536,560,220,185,119,447,647,295,185
151,148,262,20,21,242,270,280,449,292,404,197,294,150,245
339,283,307,127,111,293,516,567,307,244,253,625,642,505,543
143,137,269,18,18,262,552,361,170,180,235,681,525,169,414
145,139,267,21,19,272,564,260,155,172,122,454,430,137,131
144,141,263,10,11,236,484,228,103,182,158,552,380,122,121
230,172,343,92,83,283,414,825,699,620,691,464,456,160,567
138,133,264,23,21,279,258,314,172,182,114,171,384,145,129
151,126,307,54,48,284,457,519,582,440,478,643,608,454,437
190,164,296,63,58,275,390,484,586,446,622,736,574,292,619
223,167,342,113,67,434,435,598,342,298,250,468,606,218,265
165,157,269,18,18,252,245,320,513,367,441,164,309,224,337
208,191,280,100,66,385,505,712,474,442,469,751,692,394,493
183,173,271,17,18,248,233,260,92,157,111,177,356,130,127
230,177,333,141,109,332,454,579,290,287,240,368,630,251,292
128,122,268,15,15,246,488,276,152,162,121,565,442,119,145
168,157,274,43,42,263,459,385,227,192,233,355,522,170,316
150,137,280,20,19,269,222,336,127,235,124,164,311,143,165
144,136,270,25,23,274,545,252,155,177,194,628,416,142,154
191,174,281,40,39,266,229,671,597,496,613,235,360,155,469
156,144,276,23,23,254,426,386,421,286,401,220,426,219,465
148,141,269,15,16,248,215,222,485,322,466,148,276,143,306
364,263,355,183,125,375,504,594,326,263,279,451,654,300,322
210,168,319,120,106,289,377,362,158,171,153,252,512,180,170
135,123,281,23,23,259,364,524,211,199,131,236,487,297,423
156,150,266,22,18,312,504,214,88,148,122,602,429,117,156
125,123,261,13,13,262,492,230,122,166,108,531,372,112,138
175,169,265,25,25,250,295,283,431,287,406,200,403,161,241
185,129,367,36,27,341,348,411,157,190,148,373,541,167,171
142,136,267,20,16,318,539,228,125,164,154,485,390,130,141
154,148,266,19,20,252,202,289,551,382,466,159,247,201,340
155,150,264,19,19,262,273,349,443,291,333,220,372,165,250
200,179,287,48,45,275,354,805,632,570,634,271,476,162,524
120,118,260,17,17,255,236,225,133,152,97,241,507,144,158
148,102,369,191,133,367,459,459,168,176,142,354,555,199,180
169,152,285,63,59,271,325,709,550,469,616,286,574,449,484
157,153,263,19,20,244,527,258,100,147,104,433,374,141,131
140,132,271,34,33,265,292,406,125,178,158,271,428,155,184
189,173,279,55,48,296,380,493,638,509,642,405,566,209,515
138,133,267,21,20,261,310,357,202,191,189,222,479,146,172
226,181,319,37,30,317,607,363,147,175,227,577,515,160,136
327,247,339,125,109,294,402,409,264,214,206,264,507,200,174
339,257,337,85,64,338,409,769,687,591,665,451,553,359,592
140,136,264,16,14,305,556,256,136,163,107,608,445,126,134
140,135,266,18,19,241,276,253,172,182,112,209,391,135,153
120,118,260,11,6,446,256,323,111,173,110,207,398,126,137
124,118,270,17,18,249,212,263,117,167,83,178,337,117,137
176,158,285,111,109,260,218,859,652,609,684,112,285,143,570
147,137,275,48,45,273,290,713,597,510,549,229,419,157,449
121,102,304,62,56,282,367,363,128,178,111,302,492,192,164
204,172,303,51,40,326,599,538,227,231,237,622,636,292,480
169,158,274,29,26,283,227,440,199,244,107,126,293,146,137
206,187,282,30,31,248,404,219,130,172,139,257,439,135,128
122,114,273,17,17,248,521,298,153,166,107,499,364,137,137
153,149,264,15,16,247,294,225,119,165,127,225,435,139,143
270,237,291,114,87,334,468,583,650,525,640,559,673,385,645
131,125,267,12,14,230,241,185,92,174,104,194,431,147,132
174,169,263,21,22,243,337,315,504,395,439,165,358,360,489
395,317,319,179,146,313,481,479,281,249,236,408,632,264,229
160,155,264,16,16,253,350,396,309,227,273,168,328,271,424
150,147,261,18,15,306,301,295,136,173,121,237,404,144,160
210,174,309,30,19,401,246,268,183,188,139,186,536,145,143
156,150,266,20,20,256,297,319,119,170,155,244,419,151,158
135,121,284,90,89,260,337,813,630,565,651,314,486,164,531
197,178,283,41,40,262,334,385,633,503,614,674,514,275,531
161,157,262,22,23,253,264,219,413,256,310,194,327,130,174
140,138,260,22,23,246,192,305,122,166,130,229,409,114,138
146,138,270,21,21,253,589,348,137,155,142,602,482,128,141
143,141,260,14,15,243,525,258,98,158,108,383,399,126,119
165,158,267,22,23,242,232,170,185,201,230,213,336,156,204
135,131,264,16,17,246,554,252,135,170,117,478,385,137,140
402,291,354,172,142,310,503,649,569,447,490,352,642,606,771
456,340,343,88,66,339,665,454,224,196,223,694,568,206,309
143,136,269,19,19,255,236,342,126,168,138,173,504,127,153
142,136,267,24,20,300,555,363,164,187,164,629,535,171,271
154,142,277,25,25,253,307,461,534,417,603,236,438,254,627
137,132,265,17,17,250,574,270,179,166,139,430,455,136,141
184,178,265,27,27,257,307,318,410,299,429,173,426,182,405
143,138,264,15,15,263,532,335,162,176,161,574,402,140,318
155,147,269,24,22,272,400,405,407,259,323,194,435,293,432
147,144,261,10,11,224,348,337,284,212,195,236,399,168,152
141,135,266,22,22,249,554,235,144,157,114,405,376,106,128
126,119,272,19,17,290,537,235,125,161,146,574,415,135,142
133,129,264,17,15,286,279,326,201,157,151,235,464,136,172
207,154,345,79,62,330,901,760,691,595,680,641,684,270,549
148,143,264,14,14,251,465,321,170,180,155,423,443,151,164
181,117,397,130,104,319,555,545,306,287,372,520,635,288,279
145,137,269,17,18,242,297,302,135,211,131,223,378,131,151
141,134,268,10,11,241,429,218,118,155,170,193,376,121,141
151,144,269,18,18,250,296,270,105,160,161,177,405,119,135
140,134,267,22,22,258,248,258,114,166,107,179,430,143,121
152,149,261,13,14,245,506,292,107,147,82,516,410,136,150
168,162,267,17,18,252,514,351,128,168,146,468,432,132,136
133,130,262,13,13,253,228,237,144,150,138,164,376,113,132
142,135,270,15,15,247,513,302,164,174,152,657,461,153,154
145,139,266,20,19,271,282,345,144,186,133,236,420,147,164
398,314,325,131,116,289,512,626,545,424,500,461,635,513,769
160,154,266,19,18,280,501,288,161,166,149,487,391,152,159
165,130,327,87,76,293,369,855,623,599,715,386,511,345,605
121,115,269,31,30,263,266,334,170,173,146,246,433,148,137
359,239,385,201,136,380,484,863,739,651,672,541,590,261,567
140,113,318,36,29,312,404,513,615,471,526,534,554,432,510
156,147,273,25,25,253,284,276,146,180,137,187,385,154,150
264,220,307,146,136,274,455,621,654,551,657,340,629,409,533
218,174,321,37,32,293,608,319,148,169,146,565,495,171,142
249,186,343,219,172,326,442,447,284,210,156,338,565,254,159
155,149,266,12,13,244,288,353,132,157,99,184,407,122,135
136,117,298,94,86,281,269,847,612,588,667,295,374,132,567
131,126,267,20,20,248,513,176,122,164,107,531,378,129,142
149,144,265,17,17,250,527,249,139,178,142,473,380,128,151
150,146,262,28,24,295,544,216,101,177,93,562,384,126,116
130,119,280,53,52,261,317,722,602,508,560,271,439,188,455
136,131,266,15,16,251,462,235,86,154,190,179,322,145,161
171,144,305,98,84,297,418,535,587,465,618,385,562,298,594
169,154,281,43,40,279,257,781,590,523,544,159,341,138,457
161,152,270,25,25,257,306,289,399,235,344,166,352,182,189
158,153,264,13,13,253,486,189,180,173,116,480,359,152,140
145,142,263,12,13,248,508,253,68,181,150,393,389,109,135
147,140,269,14,16,226,262,211,152,157,135,167,253,130,128
132,127,266,19,20,243,547,354,262,189,209,514,382,130,169
145,135,274,20,18,285,328,360,118,178,119,234,451,146,155
185,166,286,76,61,319,500,532,352,255,391,510,594,262,287
247,194,326,37,32,301,539,377,141,187,295,573,468,185,446
145,140,265,22,20,282,475,248,114,183,128,633,455,142,133
181,172,269,31,29,271,312,257,198,179,167,584,425,149,174
186,160,297,116,105,282,333,309,176,180,131,229,463,188,147
140,135,266,15,16,239,289,262,137,173,122,180,381,140,145
312,257,311,50,44,289,662,370,192,179,190,647,515,149,126
150,144,266,18,19,241,267,280,146,172,135,191,363,150,138
142,137,267,44,44,253,326,464,544,414,401,237,439,152,236
143,106,343,93,45,523,403,477,217,230,167,360,586,194,219
149,145,262,17,17,254,539,313,139,171,86,509,434,130,152
261,211,317,32,25,322,616,308,158,178,152,538,439,148,157
128,122,269,13,14,245,517,412,284,221,133,571,481,137,159
126,102,316,64,50,328,423,465,175,198,140,500,585,227,167
175,169,266,24,25,242,167,175,122,171,147,148,210,145,141
242,191,325,42,36,299,636,372,121,169,172,612,489,157,142
225,197,292,264,242,279,336,488,686,560,662,246,463,203,516
209,160,334,111,94,302,464,601,423,577,574,891,697,441,800
142,140,260,10,10,244,533,260,123,166,135,396,380,130,156
155,148,267,20,21,248,311,420,172,170,122,203,396,141,148
417,282,378,278,230,309,555,825,665,615,727,446,675,477,817
173,164,270,28,28,260,224,394,311,243,322,194,345,143,267
164,158,267,26,28,244,366,192,291,220,271,202,305,168,344
136,127,274,67,63,272,306,740,579,496,578,249,427,271,452
215,169,326,186,162,293,480,825,709,620,683,461,668,515,656
427,343,319,185,152,310,391,903,720,671,777,428,544,189,658
161,119,346,119,90,340,531,635,520,420,473,467,654,317,349
129,121,272,22,20,272,530,366,155,193,178,516,482,150,209
142,134,271,20,20,256,550,318,117,159,109,542,460,130,143
204,155,338,131,106,317,516,559,264,211,170,413,619,264,198
149,108,352,288,237,311,519,514,190,188,120,405,619,285,155
141,139,259,19,18,269,544,295,139,176,142,448,452,141,155
150,144,267,12,11,277,524,269,141,177,145,570,407,153,149
163,156,268,21,21,248,288,205,114,166,54,200,376,120,115
149,144,265,13,14,242,286,250,486,344,437,191,389,133,268
152,148,263,13,14,237,526,255,139,169,155,412,370,143,147
158,149,272,19,20,240,477,426,201,201,119,400,471,316,308
165,159,265,27,26,266,339,517,458,363,497,245,444,180,380
452,391,296,140,124,288,574,531,245,238,247,549,606,272,305
127,124,261,18,17,264,540,307,111,189,120,457,475,124,147
161,150,274,21,20,271,294,326,189,220,165,217,432,156,172
126,98,327,39,36,281,330,759,580,502,567,283,563,168,470
153,149,262,19,21,240,552,254,86,153,155,530,434,129,117
182,177,264,18,18,263,289,481,410,310,472,217,344,131,379
193,174,284,54,51,275,394,431,626,478,536,610,546,286,437
169,161,269,34,32,269,232,358,561,419,490,145,361,339,459
211,173,311,38,26,373,499,427,175,205,155,454,438,145,171
146,142,263,21,20,276,305,354,142,180,111,350,538,156,145
122,119,263,17,15,283,393,350,167,177,181,280,433,165,182
135,130,265,14,14,246,255,190,132,175,149,255,361,138,141
163,155,270,33,32,263,536,455,132,193,184,514,494,140,234
169,135,321,128,118,278,252,871,693,636,687,248,390,151,581
193,176,281,170,164,266,270,482,570,440,593,214,391,156,419
143,136,269,23,20,296,245,267,151,188,140,178,361,143,140
129,121,273,41,39,272,317,692,659,550,573,207,439,140,447
173,164,271,20,20,247,251,525,370,278,383,424,328,155,315
157,154,262,18,18,251,494,234,82,152,121,501,371,115,149
198,173,294,158,145,278,321,429,657,524,621,319,492,142,470
146,141,265,11,12,235,398,304,147,169,101,251,440,149,203
152,147,264,30,31,250,499,221,125,159,160,565,398,146,155
269,235,294,116,106,282,435,436,210,219,116,349,558,234,195
118,115,263,13,12,272,229,217,135,175,130,207,367,147,150
152,143,273,19,19,260,516,296,170,188,139,569,459,151,162
166,162,263,12,13,234,250,265,272,209,340,196,262,141,353
147,139,272,15,16,241,345,476,203,183,102,235,461,128,144
133,129,264,14,15,242,489,314,149,162,85,561,424,116,132
142,136,267,14,14,242,525,193,133,175,122,458,398,131,144
213,172,318,33,28,299,582,340,158,178,131,472,484,173,226
162,154,269,20,21,252,272,277,116,187,153,188,404,136,129
226,144,402,64,54,304,433,453,221,201,169,433,566,201,177
207,178,298,107,98,281,459,502,233,239,260,492,601,225,283
222,174,326,40,33,314,610,396,147,183,117,650,521,140,150
143,142,258,16,17,232,526,199,122,144,111,376,346,131,146
139,133,267,12,14,230,446,175,128,162,114,485,281,114,136
148,145,261,34,33,267,555,347,170,180,128,562,434,126,192
159,155,262,15,15,250,217,159,138,170,131,139,296,140,142
161,143,287,111,109,260,306,414,626,495,633,204,431,153,475
189,177,273,30,22,347,247,495,511,384,489,202,420,521,380
119,113,269,22,20,287,319,331,126,177,109,240,475,152,152
144,140,264,16,17,247,553,305,127,173,98,572,464,149,147
130,126,265,16,17,233,545,338,147,164,148,477,464,159,149
215,172,321,22,19,298,607,360,162,179,197,362,471,158,149
161,148,278,21,20,259,264,348,78,220,106,127,258,149,129
189,175,276,55,53,267,469,442,389,223,265,314,535,212,213
155,147,270,21,21,257,234,195,147,160,133,163,356,138,147
181,155,299,140,128,279,347,796,686,595,654,272,481,181,537
267,204,335,105,85,317,451,561,687,572,665,515,614,359,615
146,144,261,22,21,267,533,353,103,164,107,438,490,132,132
169,163,264,13,14,251,549,251,251,172,244,458,422,159,129
171,156,281,190,186,261,334,478,687,549,610,244,451,268,515
168,161,266,20,21,244,276,344,556,392,439,191,398,177,269
154,130,305,278,261,273,364,555,733,601,629,357,502,214,466
151,144,267,19,18,264,351,275,315,227,232,203,315,143,174
188,171,281,35,33,270,349,358,191,184,163,310,476,176,198
145,137,272,15,17,239,319,243,149,169,151,227,397,138,153
134,128,269,15,15,251,320,340,97,175,95,223,417,131,157
221,207,273,33,33,255,321,591,626,497,623,377,463,152,464
164,158,266,21,22,239,280,270,432,266,362,195,407,193,267
139,104,343,143,125,294,358,840,732,646,663,263,455,175,560
168,163,264,20,21,242,227,143,491,293,332,102,322,183,209
129,126,263,11,12,239,524,319,125,184,94,455,419,130,144
208,162,329,112,81,354,484,591,350,316,440,463,661,376,614
226,188,308,60,55,280,661,418,207,176,193,669,548,163,214
178,162,281,32,32,253,258,775,587,521,554,256,374,152,447
137,123,286,40,37,276,291,408,558,452,619,211,393,239,644
164,154,273,33,33,258,340,297,137,156,107,219,439,179,160
144,141,261,15,16,233,540,270,132,172,132,433,374,140,137
154,141,279,31,21,376,544,389,146,183,158,514,563,178,165
159,152,268,17,16,272,280,278,117,161,165,226,426,166,143
305,227,344,99,86,292,558,671,565,410,456,552,701,633,763
210,184,292,257,242,272,374,528,550,417,498,261,467,182,351
158,153,264,16,16,263,396,348,261,189,175,242,470,296,252
160,144,284,24,23,276,301,463,238,196,200,198,435,351,417
148,144,263,17,18,239,409,250,102,158,125,620,402,112,157
138,133,265,11,11,253,561,334,209,213,158,386,414,130,155
127,121,267,19,19,253,254,259,134,180,144,193,300,129,133
160,148,276,165,154,275,367,479,687,556,605,273,492,166,440
273,178,393,112,94,304,510,480,210,192,224,557,597,254,207
162,152,273,18,18,246,364,381,182,163,128,284,477,185,142
175,161,278,46,44,268,302,752,712,599,625,225,406,122,508
157,143,282,80,68,299,371,365,136,164,125,307,551,185,171
207,183,290,58,56,264,340,599,593,484,582,305,487,270,506
131,129,259,21,22,241,271,302,163,172,178,186,463,137,161
150,139,277,29,29,254,321,332,236,177,197,606,450,152,170
165,150,283,26,26,260,352,514,201,204,169,222,461,154,157
165,157,270,24,23,265,273,295,485,310,442,129,348,258,432
190,180,270,22,21,268,227,655,347,342,237,170,343,160,235
190,167,291,116,108,273,266,864,742,650,652,186,411,152,547
123,119,266,14,15,236,495,208,126,156,107,554,435,134,138
480,344,358,302,227,340,583,941,856,760,804,538,712,577,723
156,138,289,81,76,272,390,882,732,658,662,356,514,173,573
146,134,278,28,27,257,453,295,219,155,95,440,372,142,150
149,149,256,20,18,281,345,355,498,328,352,235,450,144,178
153,149,262,22,22,251,393,242,145,178,122,203,342,135,156
153,146,268,24,23,270,519,230,97,140,121,451,363,116,97
137,134,261,11,12,227,511,236,111,151,129,461,381,122,134
143,127,288,86,79,279,324,812,711,617,677,419,475,169,556
210,166,324,53,47,290,653,440,162,191,140,608,524,155,146
137,136,258,29,30,250,320,340,191,172,107,314,508,160,160
130,118,281,24,19,335,334,353,175,155,117,246,412,157,141
163,150,278,24,19,328,350,538,429,300,283,263,487,178,209
193,181,273,27,27,253,304,450,158,184,185,226,456,376,470
130,123,270,11,12,230,329,312,100,175,68,222,459,155,144
163,157,265,16,16,251,429,140,128,175,121,458,332,149,140
157,118,339,58,45,326,386,661,690,566,619,342,579,206,478
120,117,264,14,14,251,255,181,124,167,101,128,270,141,124
127,122,265,13,14,233,343,369,204,166,139,236,453,145,141
192,185,266,30,31,246,322,279,170,167,115,223,450,150,137
130,126,265,13,15,228,307,310,111,162,121,228,408,121,158
134,119,287,55,45,313,413,419,197,185,155,323,510,200,159
140,125,287,30,27,285,401,618,298,313,189,276,516,187,240
166,158,270,24,26,231,170,598,455,370,408,100,203,118,303
145,135,276,25,23,280,537,260,194,178,149,474,399,136,156
185,113,420,116,91,326,359,822,753,652,680,309,542,167,554
143,138,265,13,14,242,496,300,161,182,165,514,382,145,138
149,143,266,21,23,240,536,228,129,170,133,632,445,134,131
135,126,274,29,25,302,335,378,190,178,100,232,447,156,145
134,116,294,47,46,265,323,519,671,551,645,268,454,146,477
131,126,265,21,20,266,283,353,175,179,160,215,373,146,142
124,120,265,16,17,247,472,361,170,172,146,445,421,180,226
243,187,333,44,32,353,604,404,170,200,229,551,587,186,186
181,149,312,111,95,299,468,615,477,344,346,340,640,622,616
204,185,282,42,39,278,300,623,558,464,607,215,423,181,452
127,122,268,15,15,245,515,285,137,152,149,451,420,116,151
143,137,267,12,13,237,532,226,72,154,77,471,368,127,97
152,145,269,16,12,326,442,245,149,158,125,240,375,129,144
147,141,267,20,17,299,484,239,149,166,113,576,414,136,143
175,153,294,140,140,256,307,499,579,438,526,197,421,191,405
168,133,325,133,73,469,407,509,256,237,229,343,606,230,233
185,168,283,123,122,258,315,619,673,555,617,244,405,179,448
164,151,278,20,13,379,305,327,161,183,135,221,470,138,142
374,275,348,118,100,300,532,619,558,421,486,414,701,553,728
166,159,268,15,16,240,280,299,158,222,172,189,366,160,161
120,114,267,20,18,279,541,301,101,170,125,515,431,128,141
168,161,268,22,23,249,235,601,254,277,210,149,298,134,204
221,188,301,90,83,278,569,581,443,344,429,496,650,315,309
135,110,314,63,49,329,421,466,242,190,180,390,577,203,198
160,152,270,12,10,303,320,330,107,156,116,220,426,126,161
172,161,274,27,27,258,263,258,151,181,151,201,432,140,141
139,127,280,64,57,287,404,445,246,187,173,329,547,198,244
142,139,262,18,18,260,489,262,105,165,145,258,348,151,125
139,135,264,17,18,243,526,290,153,160,106,325,360,115,145
242,187,331,214,174,314,523,527,198,206,172,423,619,284,179
168,165,260,35,34,261,321,232,117,160,130,233,419,170,132
248,217,292,31,31,261,312,266,151,196,87,226,389,193,168
217,204,273,31,32,251,590,378,281,198,209,485,491,140,164
151,106,365,38,25,391,289,378,226,201,170,231,530,166,172
371,281,339,202,173,298,551,712,580,461,447,451,706,672,684
170,130,334,61,48,324,413,444,173,176,139,361,553,209,157
181,161,287,32,31,261,284,758,633,552,654,235,391,137,529
154,128,307,148,135,282,494,608,449,330,376,449,709,548,689
146,138,269,25,18,353,552,298,111,168,108,356,461,130,139
151,147,263,15,14,262,539,288,135,179,129,424,424,138,148
158,153,265,20,19,269,482,291,164,168,122,663,449,148,155
171,137,320,108,96,290,394,390,200,173,147,328,536,205,191
290,233,319,117,89,336,401,864,759,666,685,379,521,454,587
214,174,315,140,115,310,495,502,203,202,188,366,580,267,189
139,136,263,13,14,233,575,336,207,176,207,519,379,143,145
178,160,285,154,147,267,313,431,614,475,557,191,406,172,365
296,239,316,32,29,287,323,237,466,317,412,182,394,202,348
119,117,260,14,16,221,571,281,162,166,195,583,438,135,145
173,169,262,18,19,243,188,253,450,286,314,143,267,164,207
150,140,275,150,148,260,420,509,696,556,590,338,541,243,450
149,145,264,16,15,273,524,125,93,161,100,490,322,126,112
278,206,346,122,105,297,543,673,591,449,421,414,698,609,695
156,147,271,25,26,245,216,91,138,208,135,198,247,162,136
158,153,265,18,19,238,512,298,129,162,139,542,462,123,140
161,154,266,37,38,250,362,374,133,165,121,255,493,135,133
137,119,293,59,50,300,422,578,504,394,457,715,632,487,624
138,132,267,17,19,236,535,230,19,145,54,530,377,118,126
127,124,262,7,9,220,420,421,377,245,295,302,423,142,190
149,145,262,19,19,262,530,241,111,155,98,417,435,129,159
138,132,267,14,16,228,341,426,416,241,342,214,449,372,482
200,179,286,61,55,281,359,482,235,200,163,310,545,208,170
150,126,305,92,69,341,446,544,306,269,214,371,594,213,291
166,148,287,27,18,382,570,491,460,323,302,513,511,288,212
137,134,262,13,15,231,474,298,127,167,129,499,413,109,148
338,268,323,106,94,287,463,564,405,268,430,383,578,382,716
225,181,317,35,28,324,563,306,130,157,121,575,450,146,123
161,155,265,19,21,235,367,297,113,151,94,224,438,144,123
143,140,261,15,17,238,331,337,142,172,102,224,455,132,147
223,186,307,41,36,290,328,545,620,492,571,318,588,431,584
279,224,319,117,105,286,423,632,474,358,431,715,651,634,716
162,158,263,20,21,243,311,326,447,285,328,220,397,143,181
198,154,329,31,22,361,603,391,221,179,204,541,507,168,171
159,148,274,19,20,244,337,311,167,182,144,243,450,147,145
145,140,264,16,16,245,260,405,206,187,117,179,378,131,170
243,189,328,123,106,299,489,824,708,620,687,540,551,259,579
173,166,266,30,31,251,419,353,245,180,125,244,432,238,310
162,147,282,37,37,260,387,518,203,231,164,291,482,179,202
134,127,270,19,20,250,588,321,132,163,113,632,469,138,148
181,144,323,109,96,293,465,479,270,228,137,485,614,234,222
390,296,337,236,209,289,513,625,557,454,503,429,638,487,784
224,186,308,62,53,299,381,617,681,561,647,527,512,255,533
141,107,338,74,60,316,390,794,712,610,624,329,594,368,519
124,122,260,14,13,271,513,178,142,162,134,331,366,129,142
136,132,264,23,20,290,321,467,161,178,154,288,464,158,169
189,167,289,82,78,270,387,859,715,633,659,317,519,207,550
142,140,261,23,22,265,533,331,146,151,149,428,453,123,156
154,152,260,17,16,275,354,369,473,295,356,239,454,274,271
136,134,259,12,12,265,285,249,175,158,132,207,400,138,136
120,114,268,26,25,268,319,440,198,215,182,246,416,176,172
176,168,268,30,30,257,431,288,172,176,158,513,396,144,161
178,158,288,166,157,270,358,442,627,505,593,245,444,173,428
140,133,269,16,14,280,502,262,65,145,104,478,404,119,132
156,149,269,24,25,244,391,326,385,258,290,215,435,135,167
126,119,271,12,14,219,179,463,187,213,102,132,263,107,125
156,147,270,22,19,306,352,508,531,377,403,610,509,243,254
185,177,267,17,15,293,315,228,98,167,89,207,409,140,109
161,160,258,11,12,237,268,303,124,169,107,220,384,137,141
123,119,266,29,28,268,455,274,138,180,181,498,463,149,153
204,189,277,172,167,263,262,493,654,523,605,177,391,162,440
125,119,269,17,17,248,544,271,110,163,135,548,449,151,160
163,152,273,19,20,245,360,275,177,179,225,171,370,146,332
135,130,266,17,16,260,358,327,153,175,145,223,405,165,140
434,291,382,109,80,350,546,521,648,534,685,816,626,300,581
131,129,260,15,17,229,518,266,118,166,169,482,393,136,148
169,162,268,26,27,247,334,304,391,248,310,218,423,250,313
196,170,296,19,19,264,298,344,96,177,100,222,428,118,153
160,149,274,19,20,244,270,176,136,159,90,186,390,139,126
643,491,335,244,211,296,516,532,334,247,220,361,613,343,227
149,144,264,13,13,257,504,193,138,168,135,382,322,135,148
145,140,264,18,16,286,285,275,126,179,98,212,384,137,142
433,350,317,175,159,282,538,625,568,431,485,436,698,475,757
124,107,296,52,51,262,296,833,773,668,713,294,477,188,588
122,121,258,13,14,228,214,231,135,176,139,189,444,137,144
164,161,261,15,16,227,187,349,391,273,382,164,192,152,202
166,160,265,28,26,270,239,212,366,239,316,177,265,193,295
152,149,260,15,17,227,273,247,460,290,361,192,369,147,164
131,127,265,13,14,231,542,319,160,189,138,381,368,131,141
161,154,268,26,25,264,224,369,172,161,111,196,354,124,137
153,149,263,11,13,220,301,301,167,170,125,201,407,143,159
158,133,305,96,92,267,255,859,641,607,689,249,302,140,575
139,135,265,8,11,192,507,285,123,154,114,395,383,125,157
169,162,267,27,25,277,384,335,576,436,475,193,405,221,337
126,123,263,30,30,254,345,397,188,183,129,243,488,139,121
142,137,265,22,22,262,470,269,11,141,22,288,416,129,105
160,144,284,98,97,260,497,505,225,217,143,398,605,260,168
265,218,312,105,96,280,508,578,576,430,387,396,621,528,656
168,163,264,24,25,238,302,284,118,147,63,208,417,160,108
142,134,272,18,19,243,212,221,145,154,107,139,350,146,151
135,131,264,16,16,251,546,308,107,155,118,604,457,122,168
183,171,275,23,24,243,326,542,267,305,216,261,439,180,201
152,148,263,21,21,249,319,344,142,186,112,215,389,129,119
180,141,328,36,33,281,583,391,221,177,159,472,497,147,144
166,161,264,15,16,231,308,222,116,162,123,211,429,147,148
175,157,285,130,126,264,278,805,704,606,680,261,432,166,548
158,151,268,21,22,243,308,633,290,292,240,207,425,162,236
180,170,271,17,18,241,352,593,274,255,121,223,471,168,228
167,163,261,20,18,286,359,422,558,402,400,260,444,207,255
139,136,262,14,16,230,513,259,148,170,121,491,379,130,136
255,209,312,290,254,292,525,590,547,412,439,406,629,482,703
135,125,276,21,19,293,312,306,112,185,135,227,419,144,149
165,151,281,148,139,272,313,402,595,471,554,221,422,181,395
154,124,319,38,29,341,493,717,676,563,527,470,502,227,425
177,161,280,111,104,275,347,792,639,572,680,289,424,164,547
162,150,276,27,28,247,526,340,198,180,130,558,464,152,141
156,141,282,44,42,268,336,731,579,499,577,387,485,171,450
140,133,270,14,15,229,275,298,142,189,134,241,354,141,144
133,119,287,58,54,276,269,780,616,562,692,257,388,151,556
135,130,265,9,11,197,508,275,168,176,176,432,344,137,179
212,137,394,39,21,469,348,379,199,183,150,338,521,152,151
154,146,270,14,16,227,270,152,117,152,99,144,393,139,107
431,297,371,219,167,336,525,714,648,569,631,852,748,645,764
211,178,304,100,92,280,406,536,245,266,442,593,662,443,706
134,120,286,27,22,313,358,511,535,379,415,278,507,240,318
430,319,345,172,130,340,569,630,628,489,496,456,680,513,729
230,207,284,104,95,279,547,574,221,234,207,494,643,320,266
191,165,297,109,104,268,256,854,689,612,626,194,376,137,529
139,133,269,20,18,284,554,289,123,169,189,304,381,122,146
159,153,266,15,16,244,572,279,111,158,149,449,421,134,177
232,182,327,44,33,335,616,432,152,182,140,683,519,248,355
228,174,335,41,35,294,629,403,198,190,246,587,504,226,361
156,151,265,18,20,240,522,330,80,165,139,495,391,136,138
158,157,257,18,19,244,549,338,152,150,121,615,459,145,142
268,248,276,58,56,264,475,539,335,295,239,705,629,507,445
344,232,380,131,108,311,551,582,293,287,352,574,650,312,277
417,317,338,180,141,328,392,847,729,645,701,322,541,210,601
145,136,272,14,15,242,512,217,161,179,185,563,458,138,173
150,142,270,25,24,270,515,359,227,211,178,601,442,156,268
137,132,267,34,33,269,565,286,171,154,124,442,422,153,151
173,154,288,96,92,268,290,825,715,634,676,390,532,153,569
139,136,260,13,15,211,554,128,132,173,93,280,311,148,96
156,149,269,26,26,262,292,232,470,317,436,175,377,132,309
208,182,293,224,210,273,323,471,644,517,605,210,435,175,436
178,160,284,48,43,289,307,784,656,560,564,197,421,134,469
393,300,335,227,195,297,547,646,612,490,511,457,689,609,747
151,147,263,18,17,270,558,216,141,171,129,510,396,125,156
264,149,454,107,78,350,409,486,511,399,431,286,516,229,268
145,140,264,12,14,222,534,258,105,159,64,474,406,117,156
166,149,287,155,148,268,390,411,598,445,521,277,468,173,326
186,136,350,145,122,306,475,459,217,169,132,355,582,262,151
326,239,349,180,154,299,585,655,776,652,727,586,701,398,646
159,148,275,23,21,279,308,477,184,247,162,214,427,140,170
132,125,270,15,16,241,281,296,405,259,290,222,423,158,183
149,145,264,16,17,241,536,331,109,170,126,475,453,124,171
123,119,265,14,14,252,237,134,83,158,83,128,294,111,93
114,99,295,86,83,267,229,878,664,620,691,228,118,149,579
169,163,265,27,26,265,319,267,122,167,132,238,405,133,131
161,155,265,18,19,246,228,454,487,327,378,171,365,168,243
162,123,336,64,51,325,428,501,295,229,193,321,575,221,179
140,113,316,31,30,264,569,501,511,362,448,303,635,293,391
168,149,289,108,100,275,258,792,700,603,668,260,373,169,548
155,150,265,15,15,257,261,182,139,204,146,218,271,120,137
160,154,266,20,17,300,392,318,197,196,167,633,457,140,181
196,186,269,24,24,255,388,275,201,210,265,700,465,140,183
142,134,270,18,19,247,491,267,155,165,106,601,435,121,138
323,239,346,160,138,297,552,637,725,617,751,554,684,369,644
148,139,273,16,18,232,534,275,88,171,83,478,360,156,139
259,215,310,82,76,276,443,463,149,189,156,352,609,215,176
147,141,266,13,13,242,448,266,155,166,164,495,335,123,171
140,139,258,15,16,236,238,324,136,160,120,194,501,131,145
144,140,265,27,28,245,586,239,132,186,128,385,400,149,162
119,108,281,18,17,268,265,222,58,170,44,150,329,147,84
207,173,307,52,43,314,403,446,617,482,538,453,607,268,404
280,215,334,112,92,313,411,832,699,617,655,339,544,184,545
189,176,274,28,29,244,372,763,601,518,489,288,476,181,399
152,145,269,9,12,186,292,38,150,156,132,250,237,166,96
167,162,264,16,16,253,325,574,259,235,199,245,443,144,180
242,168,367,32,15,527,522,535,244,191,188,422,621,267,201
195,163,306,90,86,269,257,830,689,612,657,236,391,180,544
137,133,263,14,16,233,589,334,134,160,123,401,403,114,128
138,136,260,10,11,229,188,296,153,175,154,195,496,145,154
140,131,272,20,20,246,249,275,125,173,111,256,376,119,124
140,135,265,18,15,310,490,387,103,165,110,581,504,142,132
419,304,353,150,130,296,563,670,533,418,449,427,708,647,657
139,134,265,20,20,264,267,310,178,155,107,164,394,146,171
308,198,398,74,54,352,597,405,188,178,247,668,525,201,426
222,185,307,178,155,295,539,569,334,281,287,458,656,308,324
161,156,265,21,21,257,341,350,455,292,426,237,345,173,319
170,153,284,100,94,271,275,887,710,640,660,258,382,169,572
178,174,262,17,19,234,280,271,133,167,125,212,406,127,145
156,144,277,27,28,246,305,517,184,212,156,218,399,141,203
153,133,294,43,40,274,385,561,255,236,213,315,551,196,236
123,105,299,54,54,256,354,819,697,602,622,317,519,518,520
173,165,268,24,25,249,334,334,457,293,316,214,404,236,279
170,157,277,123,120,262,431,594,754,620,643,300,535,193,485
234,216,277,38,36,275,491,437,379,354,409,438,480,178,300
160,150,273,29,29,254,382,309,205,178,132,215,425,229,313
133,129,265,16,17,237,485,284,107,170,132,458,404,135,140
229,171,344,111,94,302,467,410,230,168,101,259,575,222,153
300,234,328,37,30,318,364,654,338,365,248,262,506,303,293
191,177,276,23,21,279,364,441,540,391,440,256,477,295,354
151,145,266,9,11,226,280,281,147,160,128,206,377,136,135
148,122,310,152,140,279,322,863,734,652,671,230,431,157,574
129,124,267,43,45,250,294,762,693,580,585,271,420,322,498
144,124,298,72,63,292,427,468,261,213,130,369,573,211,173
351,258,349,342,269,326,483,508,329,225,223,477,665,324,328
148,137,277,44,42,265,344,723,714,594,593,306,547,363,476
189,159,304,180,163,283,329,901,695,652,729,320,464,194,621
146,141,266,14,15,237,507,262,111,162,107,500,400,145,165
186,165,288,118,104,291,277,831,626,594,718,270,405,167,598
141,139,259,13,13,260,255,337,118,177,117,196,382,144,134
155,149,265,20,22,234,504,263,129,166,166,594,387,141,392
138,134,263,16,13,314,506,362,150,180,161,472,444,147,135
369,234,403,126,66,486,453,652,716,590,681,501,589,355,668
131,129,260,9,10,218,453,174,126,173,95,441,383,121,114
137,132,265,15,16,242,209,175,142,147,90,148,331,149,109
147,141,267,22,22,251,539,213,143,192,205,370,349,154,181
125,117,275,18,17,276,601,313,90,164,95,476,402,120,142
429,286,385,278,214,332,598,690,688,553,539,672,755,630,775
144,140,264,13,14,230,532,266,163,160,105,468,402,114,164
150,144,266,18,18,255,460,276,114,173,158,459,438,150,140
326,250,334,215,162,340,448,462,229,222,158,344,628,248,188
258,191,345,53,46,295,541,384,454,313,417,654,510,181,227
174,170,262,26,28,239,377,398,581,429,443,225,460,170,304
234,166,363,110,92,308,471,662,715,596,645,451,682,366,527
164,157,266,13,14,247,286,286,121,173,118,228,428,142,139
175,153,292,28,24,295,488,396,471,315,402,474,576,175,232
253,201,322,44,36,312,586,355,151,182,111,638,486,162,167
151,146,265,15,16,244,289,283,146,169,132,206,410,145,141
138,128,275,19,20,249,269,139,129,156,149,198,356,136,138
149,145,263,26,27,240,559,342,285,187,152,535,344,135,150
208,194,275,43,44,251,296,578,625,508,659,239,396,148,491
466,351,340,187,135,353,381,943,805,727,740,349,493,213,649
147,141,267,22,24,239,561,285,185,188,161,430,382,130,161
289,235,314,32,24,335,636,379,154,212,160,544,488,156,160
159,149,273,23,24,238,248,506,170,197,108,164,312,126,148
253,191,339,85,43,501,430,574,343,315,326,499,633,260,362
182,165,281,74,73,259,223,813,580,547,618,167,343,124,527
213,197,276,31,30,269,249,739,660,557,625,258,389,143,490
289,252,293,84,79,272,417,510,685,572,726,783,604,337,648
395,306,331,218,184,302,450,453,287,251,183,303,569,296,216
156,156,257,18,19,252,521,227,146,178,125,384,336,126,153
146,140,267,20,22,238,285,343,422,259,384,201,369,170,184
161,157,263,24,21,297,536,169,131,172,116,526,380,124,149
137,133,264,15,15,251,522,239,104,154,97,509,427,123,143
189,151,320,88,82,276,441,436,245,193,132,339,538,220,158
165,153,276,27,22,312,519,355,168,189,203,572,494,166,158
160,153,267,18,20,238,266,545,238,217,120,174,316,147,189
165,157,268,14,14,243,327,361,119,170,143,239,447,148,161
214,170,322,27,23,297,562,362,132,186,122,489,475,164,132
164,150,279,41,39,269,420,408,111,168,129,250,531,180,159
139,133,266,18,18,254,294,368,122,185,120,263,445,125,151
149,145,264,22,21,279,383,352,377,224,237,252,479,171,127
145,132,280,25,24,269,502,347,229,197,185,718,532,145,152
121,116,267,28,25,279,335,404,183,192,235,209,461,157,206
174,167,268,22,21,265,341,362,499,341,437,183,353,246,406
182,161,289,27,27,255,420,672,555,441,431,338,527,179,334
175,151,295,72,67,276,368,821,673,599,619,530,553,415,528
169,166,261,22,24,232,132,165,487,345,445,94,196,175,336
120,114,269,10,10,258,213,319,107,157,77,122,200,119,125
122,121,257,55,56,254,518,531,290,292,234,361,643,278,215
161,154,267,15,17,229,311,238,383,255,259,191,392,222,190
180,167,276,22,20,279,340,717,403,405,296,247,438,162,371
186,166,286,52,49,272,315,522,652,510,581,284,463,436,578
153,147,266,21,17,320,553,327,156,177,166,444,441,154,155
173,157,281,125,120,266,272,454,572,434,568,148,360,164,404
172,167,264,22,24,236,383,360,439,254,324,226,468,183,207
209,189,283,84,83,261,273,890,708,638,678,213,384,127,590
142,137,265,14,16,228,545,300,77,153,115,589,397,111,129
135,124,279,30,28,274,365,458,175,191,140,262,522,168,156
216,167,331,39,30,333,604,385,177,191,141,605,519,159,139
138,116,306,87,85,264,278,812,671,596,684,263,412,380,572
367,248,380,114,82,357,548,564,265,217,139,574,663,326,185
153,152,258,13,15,217,532,202,118,162,121,445,396,127,145
133,129,264,35,33,271,513,347,137,183,146,352,550,146,152
339,245,354,191,148,330,583,717,625,490,485,503,745,702,732
169,166,261,11,12,240,327,318,114,161,92,162,437,139,116
179,170,269,21,20,271,361,319,167,176,141,256,459,136,140
288,196,376,52,36,370,653,435,155,187,132,697,561,161,144
230,187,314,82,72,290,466,612,527,363,300,380,643,612,562
123,117,270,19,18,270,314,346,125,164,132,273,488,131,133
149,122,312,129,116,285,271,875,732,652,667,231,425,149,572
156,147,271,18,17,275,323,383,118,184,129,260,422,136,170
220,191,295,107,104,263,282,845,681,611,619,152,274,145,524
134,117,293,97,92,270,272,838,653,599,680,319,442,145,562
433,335,331,167,143,299,532,637,603,485,582,537,675,487,839
188,158,305,127,101,322,413,809,699,599,654,493,580,193,541
129,123,268,16,17,254,535,320,187,182,159,641,449,148,145
224,170,339,131,109,306,448,455,304,218,170,338,567,225,221
203,185,280,115,110,268,230,801,722,615,648,234,318,157,523
