"CCR5","CD11b","CD11c","CD127","CD14","CD16","CD163","CD19","CD206","CD25","CD3","CD33","CD34","CD4","CD45RO","CD45_NORM","CD45_TUM","CD56","CD64","CD66","CD8","CD80","CD86","CX3CR1","CXCR3_CD183","Ce140Di","Cisplatin1","Cisplatin2","Cs133Di","DNA1","DNA2","Er167Di","Eu151Di","Eu153Di","Event_length","Gd155Di","Gd157Di","HLA-DR","I127Di","La138Di","La139Di","Nd150Di","PD1","PDL1_CD274","Pm147Di","SampleID","Yb171Di","Yb172Di","Yb173Di","cellType","e131Di","Time"
2.527233,4.553318,3.551930,2.674375,2.653701,2.254542,2.623916,2.172607,2.013500,3.053531,1.393344,2.133340,2.463258,1.026329,3.612616,0.000000,3.734614,2.924780,2.092732,2.300190,1.702964,3.483505,3.322852,2.261050,4.904067,0.373734,0.114994,0.525734,0.000000,0.616026,0.614695,0.000000,0.000000,0.000000,2.585907,0.019357,0.615805,1.940600,1.204996,1.911785,0.000000,0.011774,3.014892,3.626366,0.044624,10.120501,0.000000,0.039958,0.000000,12.000000,0.000000,2.567370
0.683834,3.103496,5.290072,0.559249,2.574614,0.909525,0.385504,0.309298,1.396963,2.937185,0.348114,2.949730,1.127941,0.373790,1.116990,0.943764,4.064806,2.624573,1.515516,1.469483,0.000000,1.088164,3.912222,0.712685,3.683423,0.000000,0.940695,0.488254,0.000000,0.369661,0.586544,0.144694,0.000000,0.000000,2.491780,0.000000,1.522062,5.424036,0.000000,2.948796,0.000000,0.614010,0.970405,4.858022,0.000000,10.152085,0.000000,0.000000,0.288888,26.000000,0.443952,2.829386
0.836996,4.260143,3.433594,2.359556,2.159476,1.565838,1.643833,1.289379,1.864220,3.953640,0.230070,1.594776,1.258607,0.632004,2.302247,0.088585,3.663716,1.628532,0.338223,0.418823,0.000000,2.852774,2.431734,0.878045,3.788180,0.000000,0.903966,0.000000,0.000000,0.653821,0.206055,0.000000,0.000000,0.000000,2.142112,0.000000,0.000000,1.386899,0.897658,1.803918,0.000000,0.000000,2.380195,2.692784,0.000000,10.264604,0.000000,0.000000,0.000000,27.000000,0.000000,2.833941
1.492646,5.185863,4.845160,0.857033,1.770885,1.621572,2.098083,1.518742,0.803927,3.707222,0.496259,1.437185,1.758179,0.929330,2.189130,1.263237,4.829815,1.452987,0.651405,3.432847,0.680393,2.219103,1.511412,1.467571,3.292947,0.000000,0.327903,0.604977,0.000000,0.667538,0.626448,0.355861,0.114677,0.000000,2.458355,0.000000,0.087447,1.973006,0.000000,1.196754,0.000000,0.856794,1.939316,2.303854,0.000000,10.328156,0.000000,0.000000,0.000000,27.000000,0.000000,3.431242
1.504016,4.850016,3.744304,3.810874,1.715798,1.563183,1.516123,0.466213,1.321359,3.161635,0.389794,1.224931,1.013022,0.223646,2.790975,0.744972,4.547565,1.745682,0.473884,2.273699,0.000000,2.340538,2.201777,0.776680,3.543069,0.085328,0.344589,0.617354,0.000000,1.127847,1.282783,0.000000,0.000000,0.000000,2.491780,0.000000,0.989817,0.761254,0.908752,2.229495,0.000000,0.000000,1.950853,2.093149,0.000000,10.436969,0.000000,0.000000,0.000000,27.000000,0.000000,3.718772
3.677629,1.067467,4.603403,0.576083,2.130387,0.107106,1.112430,0.369958,3.142104,4.896518,0.279749,1.139278,2.975065,0.735819,2.608996,0.000000,3.555538,2.850008,1.660406,0.000000,0.000000,2.103948,4.294462,1.742889,5.497503,0.000000,0.658519,0.000000,0.000000,0.528721,0.618590,0.000000,0.000000,0.000000,2.423792,0.149000,0.671408,5.765695,0.159277,2.012190,0.000000,0.056158,0.658202,3.722431,0.000000,10.221762,0.352176,0.442416,0.620434,61.000000,0.000000,3.756551
1.581988,4.660770,3.566618,2.546657,2.474130,1.194299,1.948410,1.886604,1.468778,4.121543,0.554244,1.743121,1.937634,0.466413,3.135902,0.344712,4.372065,2.274461,0.490944,2.046379,1.381052,2.966950,2.667755,1.296048,3.880042,0.210394,1.381732,0.340942,0.000000,0.950579,0.719930,0.000000,0.000000,0.000000,2.491780,0.000000,0.621283,1.320620,1.474367,1.838231,0.000000,0.000000,1.891383,2.446006,0.058706,10.310699,0.000000,0.000000,0.000000,27.000000,0.000000,4.026203
2.091002,3.121931,2.022702,2.024242,1.465441,1.867611,1.272526,1.142395,1.168691,2.260344,0.533114,1.014733,2.189243,1.185776,1.761574,0.162341,2.227412,1.900777,1.855615,0.725360,1.529479,2.523076,2.614843,1.651058,3.401181,0.000000,1.297815,0.610108,0.123755,0.656847,0.855750,0.000000,0.000000,0.000000,2.350926,0.000000,0.000000,1.801221,0.010477,1.016610,0.000000,0.000000,2.521036,2.681559,0.000000,10.208097,0.000000,0.000000,0.000000,27.000000,0.000000,4.289996
2.465656,2.156967,4.569710,0.794053,0.363456,0.392328,0.031414,0.713988,0.146618,4.199388,0.324026,1.638982,1.263449,0.779452,1.129178,0.000000,2.516430,2.556034,0.676517,2.181986,0.290526,1.889001,4.332468,1.519704,4.843989,0.000000,0.179228,0.476759,0.000000,0.344949,0.087610,0.065468,0.000000,0.000000,2.725596,0.000000,1.380013,4.608233,0.000000,1.616570,0.000000,0.000000,0.792906,3.389197,0.000000,10.406013,0.000000,0.000000,1.003991,73.000000,0.000000,4.375848
2.972503,1.528942,4.412183,0.054047,0.525835,1.107960,0.342130,0.256238,0.820918,3.288337,0.018495,1.393694,0.150677,0.728509,1.934746,0.000000,2.976710,2.008158,0.793178,0.715964,0.008970,1.585624,5.240046,0.303926,4.406291,0.000000,0.807233,0.000000,0.000000,0.246643,0.867984,0.000000,0.000000,0.000000,2.094712,1.306061,0.607478,5.671326,0.000000,0.814599,0.000000,0.000000,0.065644,1.710209,0.000000,10.365189,0.000000,1.591851,0.779507,74.000000,0.371931,4.424948
3.450285,3.422683,4.878340,2.470975,2.873135,0.368488,0.143834,0.033240,0.161617,3.432692,0.477518,2.584926,1.020863,0.643031,1.029616,0.216033,3.857241,2.030300,0.752832,2.144498,0.000000,1.868949,4.853218,0.573577,4.884063,0.000000,0.981836,0.478050,0.000000,0.374645,0.628359,0.056434,0.000000,0.000000,2.312438,0.931892,0.806990,5.103256,0.004814,2.507452,0.000000,0.000000,0.867367,4.581925,0.000000,10.018474,0.000000,0.707824,0.136596,26.000000,0.000000,4.670361
3.484124,2.009423,4.369120,1.067652,1.409501,0.000000,1.438426,0.000000,1.774867,6.376797,0.589857,1.848324,0.398376,0.275656,2.058243,0.000000,3.888361,1.993449,1.089136,0.000000,0.554924,2.188732,4.207579,0.598654,5.039944,0.000000,1.310975,0.230153,0.000000,0.285793,0.486831,0.000000,0.022168,0.000000,2.350926,0.064244,0.833684,5.613383,0.000000,1.607952,0.106024,0.000000,0.257484,3.846176,0.000000,10.369894,0.000000,0.195258,0.675528,61.000000,0.000000,4.753331
1.598128,0.987491,4.319435,0.046502,3.518259,0.072444,2.546250,0.124922,1.910193,5.191175,0.732307,1.123389,0.022008,0.118068,2.222792,0.000000,3.940071,1.075105,1.918456,1.802604,0.000000,1.197217,3.806017,0.224497,3.039891,0.000000,0.054344,0.022777,0.000000,0.247530,0.201321,0.560578,0.000000,0.000000,2.350926,0.233510,0.175872,5.971409,0.074517,1.915167,0.000000,0.000000,0.547271,1.793287,0.000000,10.107407,0.547630,0.003816,0.804968,83.000000,0.000000,4.868804
3.257378,1.906523,5.315309,2.195698,3.151403,0.585430,1.198827,0.281271,2.146525,5.380817,0.291027,2.433156,1.929978,0.121435,3.062339,0.233736,4.908632,2.902968,2.262665,1.030142,0.000000,2.107316,4.282333,1.532379,5.570848,0.000000,1.242212,0.000000,0.000000,0.852269,1.171616,0.000000,0.000000,0.000000,2.555494,0.454853,1.314417,5.904869,0.000000,2.333441,0.000000,0.114242,1.058076,3.813639,0.000000,10.278299,0.000000,0.000000,1.179575,61.000000,0.000000,4.906480
2.745047,0.985271,3.572963,0.247964,0.695797,0.381782,0.121852,0.211912,0.000000,4.167791,0.549935,2.019680,0.000000,0.092812,2.142777,1.146181,4.245696,1.970376,0.700241,2.617143,0.208146,1.254330,3.244625,0.714241,4.142908,0.000000,1.323481,0.737253,0.000000,1.197259,0.177408,0.000000,0.000000,0.000000,2.230814,0.441071,0.610699,4.155356,0.163645,2.220953,0.000000,0.087940,0.052965,1.590102,0.000000,10.169723,0.000000,0.000000,0.000000,74.000000,0.000000,4.952127
2.836559,0.000000,4.025822,0.000000,0.845186,0.340043,0.342606,0.133180,0.947993,4.308334,0.931235,1.805323,0.000000,0.023017,2.348218,0.000000,3.597649,2.183758,0.277758,1.744082,0.000000,1.949858,3.263824,1.577193,3.487383,0.000000,1.310983,0.051516,0.000000,0.840745,0.622088,0.000000,0.000000,0.000000,2.230814,0.000000,0.179267,5.833656,0.000000,1.645620,0.000000,0.000000,0.407956,2.182625,0.000000,10.068076,0.180210,0.197239,0.881259,74.000000,0.000000,4.954380
0.000000,1.979411,4.065062,0.336008,3.136867,0.860320,2.295616,0.000000,3.873374,4.481832,0.424659,2.268920,0.000000,0.243140,2.239743,0.000000,3.297611,0.882728,0.979302,0.000000,0.000000,2.347723,3.567253,1.107954,2.224192,0.000000,0.467445,0.131692,0.000000,0.613433,0.555633,0.361029,0.000000,0.000000,2.644121,0.093951,0.016911,6.463422,0.000000,1.733513,0.000000,0.000000,0.324316,3.933767,0.000000,9.982809,0.131130,0.767928,1.506836,86.000000,0.000000,4.956639
2.187073,3.817284,3.893767,0.571929,2.634931,0.000000,0.001333,0.159052,0.000000,3.102456,0.264625,1.747194,1.492008,0.730698,0.292553,0.000000,4.302200,1.384101,0.974126,0.321131,0.000000,0.559548,2.183611,0.314443,3.568954,0.000000,0.771615,0.000000,0.000000,0.275585,0.372979,0.176544,0.000000,0.000000,2.230814,0.000000,0.000000,4.126139,0.000000,2.080949,0.000000,0.000000,0.029063,3.197758,0.000000,10.196711,0.000000,0.000353,0.192581,26.000000,0.000000,5.030568
1.247109,2.983541,4.723982,1.120246,2.831074,0.000000,0.000000,0.000000,0.485606,5.115432,0.355417,2.012899,0.000000,0.000000,1.345997,0.853174,4.014128,2.238127,1.545646,1.083968,0.000000,1.053961,4.563943,0.693824,3.693922,0.169287,0.000000,0.031277,0.000000,0.688359,0.657356,0.000000,0.000000,0.257763,2.230814,0.419440,1.215932,5.572422,0.387368,2.540460,0.000000,0.185053,0.715482,4.491520,0.101103,9.976529,0.000000,0.501243,0.260685,26.000000,0.000000,5.318017
3.380246,0.509511,4.012540,1.967901,0.559375,0.000000,0.000000,1.102114,0.842517,4.300838,0.059044,1.109222,1.407955,0.181387,1.958763,0.142592,3.522107,3.297478,1.531895,1.804519,0.134920,2.073398,5.264109,1.530539,4.967808,0.000000,0.276655,0.655996,0.000000,0.369425,0.487948,0.000000,0.000000,0.000000,2.187422,1.075221,1.775792,5.577528,0.579379,2.586125,0.285524,0.326357,1.072618,4.034998,0.000000,10.335398,0.000000,0.801376,0.722334,89.000000,0.000000,5.451770
2.193691,0.715131,4.604250,0.228158,0.586216,0.000000,0.186470,0.000000,0.126452,5.567584,0.068091,2.355180,2.090594,0.015385,1.886159,0.000000,3.673254,1.862051,0.984547,0.546588,0.177589,2.404239,3.700456,1.383932,4.433976,0.000000,1.347423,0.000000,0.000000,0.333563,0.175315,0.062535,0.000000,0.000000,2.272441,0.066667,0.060341,4.776261,0.210545,1.380739,0.000000,0.000000,0.420580,3.714447,0.000000,9.879562,0.196775,0.000000,0.928794,73.000000,0.000000,5.626322
0.096873,2.781548,4.056257,2.850280,3.341491,0.000000,1.257365,0.000000,2.100652,4.971891,0.000000,1.868752,0.422669,0.359263,2.720646,0.000000,4.524590,1.644709,1.184665,1.188288,0.088483,1.946171,5.213169,0.270303,2.288824,0.126874,0.813123,0.000000,0.000000,0.531724,0.224642,0.000000,0.083902,0.000000,2.615433,0.821462,1.338676,5.982872,0.000000,3.095294,0.000000,0.000000,0.784863,4.835141,0.000000,10.385684,0.000000,0.755523,0.925310,86.000000,0.000000,5.654963
1.454668,3.435112,3.370791,1.612457,1.061080,1.177648,0.734876,0.336992,0.358477,2.684719,0.280459,0.351868,1.964306,0.491320,2.532774,0.000000,3.430937,1.755226,0.991994,0.636479,0.208941,2.354794,2.370414,0.334244,3.994703,0.081275,0.983715,0.277775,0.000000,0.328889,1.800312,0.290722,0.000000,0.000000,1.992836,0.000000,0.000000,2.841512,0.000000,1.250783,0.000000,0.730100,1.437962,1.993134,0.000000,10.247620,0.000000,0.000000,0.121691,27.000000,0.000000,5.695418
2.365852,4.053685,3.043978,2.115466,1.819696,1.316165,1.898669,1.618011,1.499209,3.386231,0.962424,1.946044,1.909864,1.075201,2.762677,0.351827,3.679309,2.558253,1.063328,0.209379,1.219784,3.163120,2.604271,1.820820,4.273037,0.007461,0.000000,0.000000,0.000000,0.247992,0.063325,0.009011,0.064972,0.000000,2.644121,0.013091,0.339539,2.488312,0.343003,1.007360,0.000000,0.237946,2.270358,2.975256,0.000000,10.371689,0.156409,0.000000,0.000000,27.000000,0.000000,5.698949
2.855808,2.334456,4.957775,0.000000,1.460318,0.000000,0.598178,0.032290,2.261107,4.611655,0.000000,2.595222,0.925081,0.367576,1.163901,0.300626,3.836818,3.442480,1.471934,0.000000,0.000000,1.957191,4.446352,0.886295,4.667819,0.000000,0.655187,0.000000,0.000000,0.587423,0.616015,0.040169,0.000000,0.000000,2.045028,0.408401,1.076683,5.795559,0.360192,2.302287,0.000000,0.000000,0.628331,5.232150,0.000000,10.274162,0.164424,0.033610,0.000000,61.000000,0.000000,5.699611
2.751034,3.022104,4.667214,3.200132,2.139496,0.000000,0.000000,0.717745,0.033352,2.846778,0.169889,2.588103,0.679758,1.004716,1.088195,0.000000,3.618069,2.392189,1.037421,3.121849,0.000000,2.396611,3.622540,0.252091,4.571420,0.000000,0.000000,0.000000,0.000000,0.289099,0.142321,0.000000,0.000000,0.000000,2.350926,0.000000,0.996987,5.582067,0.000000,1.690297,0.126086,0.000000,0.652435,4.215654,0.000000,10.160675,0.164169,0.000000,0.264392,26.000000,0.000000,5.730379
2.864760,0.208483,4.518658,1.785040,2.104423,0.177043,0.103381,0.014015,0.000000,3.914866,1.378268,0.995607,0.000000,0.000000,1.954563,0.549514,3.754028,2.412914,0.777248,2.342582,0.000000,2.632481,3.723708,0.904161,5.228658,0.000000,0.811206,0.000000,0.000000,0.508978,0.363041,0.000000,0.000000,0.000000,2.312438,0.000000,0.848681,5.966731,0.000000,1.013671,0.000000,0.000000,1.361509,1.484650,0.000000,10.129090,0.000000,0.915752,0.852857,74.000000,0.416063,5.784632
0.669210,3.356386,2.589219,1.505904,1.307902,1.108950,1.650898,0.493184,0.576614,1.764847,0.916011,0.395068,1.456224,0.694661,1.037277,0.000000,2.732413,1.133046,0.000000,1.358269,0.133411,1.597531,1.518059,0.929624,3.459604,0.000000,0.000000,0.063463,0.000000,0.623505,0.432509,0.000000,0.000000,0.000000,1.818447,0.000000,0.172695,2.084042,0.037255,1.638644,0.000000,0.000000,2.395478,2.397716,0.000000,10.190449,0.000000,0.000000,0.000000,27.000000,0.000000,5.815583
1.654845,1.889656,5.264932,0.000000,1.391967,0.000000,0.000000,0.216161,2.624436,3.983206,0.000000,2.657885,0.000000,1.297592,2.185346,0.000000,3.915949,1.549352,0.000000,3.331992,0.000000,1.899441,4.942181,0.613768,3.618619,0.000000,1.114275,0.000000,0.000000,0.682571,1.088120,0.700493,0.000000,0.000000,2.824903,0.434941,1.437145,5.361191,0.000000,2.608969,0.000000,0.504812,1.024634,1.505654,0.455509,10.366548,0.068658,1.421505,0.209705,102.000000,0.000000,5.837595
3.737825,0.629412,5.012433,0.030055,0.942076,0.000000,0.137694,0.416549,1.644574,6.658310,1.253511,2.328802,1.333146,1.963212,2.874321,0.472636,4.133617,2.398872,1.775209,0.000000,0.274209,2.374316,4.265166,1.361431,5.713996,0.000000,0.000000,0.354989,0.000000,0.408998,0.844963,0.000000,0.000000,0.122032,2.423792,0.718232,0.448012,5.193099,0.000000,2.678103,0.000000,0.327211,0.784051,4.302217,0.158608,10.114168,0.000000,0.787887,0.258417,61.000000,0.000000,5.864962
2.657667,0.000000,4.266111,0.085644,1.152355,0.000000,0.000000,0.000000,1.132876,0.003142,0.000000,2.114974,0.492517,0.066210,2.039928,0.158955,4.547021,1.722355,1.272317,0.524681,0.102792,1.785254,3.567848,0.402046,3.876789,0.000000,1.059733,0.000000,0.000000,0.438342,0.617057,0.143619,0.000000,0.000000,2.230814,0.000000,0.111677,4.577201,0.000000,1.694857,0.000000,0.000000,1.169755,3.808437,0.000000,10.337409,0.000000,1.139902,0.523812,104.000000,0.190939,5.894131
3.539331,1.430326,5.262742,2.726379,1.713952,0.000000,0.000000,0.446536,1.512346,6.531280,1.143914,1.758759,1.543476,1.576340,1.295184,0.739020,3.800385,3.166009,1.114089,2.995210,0.147441,2.953360,4.474897,1.790781,5.489306,0.000000,0.747680,0.000000,0.000000,0.320459,0.366059,0.328118,0.000000,0.000000,3.212466,0.485784,0.679092,5.466145,0.015130,2.509605,0.000000,0.085815,0.845730,4.274773,0.057494,10.175710,0.329402,0.787015,0.166808,61.000000,0.373543,5.918564
2.430829,1.970841,3.885699,0.156985,2.624345,0.000000,0.718455,0.153186,2.440500,5.827262,0.350282,1.076591,0.574807,0.572695,1.571451,0.254052,3.839952,1.654787,1.873095,2.722016,0.000000,1.963917,4.130266,1.078782,4.533308,0.000000,1.220399,0.824619,0.000000,0.512469,0.523111,0.022066,1.198802,0.773771,2.272441,0.000000,0.970507,5.775715,0.000000,1.873080,0.000000,0.000000,0.588319,4.673728,0.000000,10.284354,0.000000,0.584804,0.123408,73.000000,0.000000,5.918996
2.767076,2.970415,4.660805,0.724485,2.746918,0.000000,0.125217,0.000000,0.054841,2.993843,0.000000,1.899485,1.608546,0.340875,0.923935,0.000000,3.618589,1.592298,1.312249,0.554188,0.001033,1.692275,3.091688,0.693388,4.238323,0.000000,0.007920,0.054604,0.000000,0.445862,0.816672,0.000000,0.000000,0.000000,2.350926,0.000000,0.000000,5.696468,0.198608,1.616818,0.000000,0.000000,0.427846,1.578739,0.000000,9.712996,0.000000,0.593156,0.431372,104.000000,0.000000,5.922713
1.175836,4.247174,5.332409,3.765423,2.880035,0.000000,0.762330,1.755317,0.047460,4.182364,0.008357,2.817624,0.979051,0.000000,0.368362,0.200645,4.305013,1.979510,0.590497,0.000000,0.168149,0.389590,3.212440,0.000000,2.104583,0.000000,0.415451,0.000000,0.000000,0.376122,1.108252,0.000000,0.000000,0.000000,2.423792,0.343907,0.000000,5.271144,0.121596,3.011211,0.082084,0.000000,0.266094,3.315660,0.000000,10.409820,0.000000,0.323903,0.162382,109.000000,0.020112,5.991224
2.630203,4.844979,4.299806,3.323320,2.798498,2.959974,2.963499,2.991429,2.520596,3.902585,1.707203,2.948933,2.584511,1.794287,3.911119,0.657452,4.408474,3.062898,1.191521,2.920188,1.446783,3.992793,3.659752,2.625477,4.696074,0.218021,0.282265,0.405228,0.000000,0.891569,0.305305,0.088843,0.000000,0.000000,2.423792,0.085222,0.892283,2.575192,1.246724,2.456316,0.000000,0.000000,2.658117,3.779605,0.082071,10.163181,0.000000,0.172419,0.000000,12.000000,0.144688,5.995851
1.810213,3.410317,5.210269,0.000000,1.548992,0.029096,0.000000,0.537991,0.985615,1.124958,0.252084,0.516611,0.412173,0.010255,0.161276,0.706774,4.806312,0.115690,0.296572,0.000000,0.000000,1.812683,4.795212,0.375014,2.119769,0.586413,1.149919,0.383618,0.000000,0.290729,0.535889,0.000000,0.000000,0.000000,2.272441,1.139624,1.437270,5.324126,0.567933,3.479519,0.170242,0.000000,0.587064,4.977171,0.000000,10.286765,0.000000,0.119136,0.046853,104.000000,0.513658,6.002199
2.853047,4.543943,4.115731,1.200664,2.057284,2.829658,2.337561,1.337527,0.838326,1.955252,1.555116,2.254198,3.415525,2.457965,2.824814,1.236641,4.212564,2.656519,3.151397,4.230989,3.156093,2.957690,3.692266,2.270462,5.795458,0.011481,1.106569,0.851942,0.000000,0.489248,0.424400,0.687742,0.000000,0.101554,2.824903,0.031480,0.498888,2.854216,1.104239,1.763400,0.000000,0.273697,4.279344,3.423461,0.000000,10.373378,0.000000,0.047147,0.000000,12.000000,0.000000,6.079725
2.184478,0.822684,3.334801,1.649887,0.082801,0.000000,0.000000,0.857675,0.634155,3.947890,0.000000,1.676417,0.425996,0.000000,0.396803,0.000000,2.551533,2.267218,0.000000,0.000000,0.254200,2.088965,4.055209,0.504128,3.536626,0.000000,0.093828,0.350937,0.000000,0.874881,0.662209,0.131640,0.000000,0.023294,2.094712,0.274326,0.298357,4.771073,0.164993,2.863021,0.000000,0.000000,1.217683,2.886403,0.000000,10.480019,0.000000,0.000000,0.261212,73.000000,0.090176,6.087201
2.075185,4.095070,5.374496,0.441172,3.625653,0.434932,0.866971,0.000000,0.000000,3.305931,0.554476,3.100519,0.240865,0.000000,0.209186,0.000000,4.265822,1.909227,0.985407,2.381894,0.000000,1.533250,4.395855,0.340872,3.960383,0.000000,0.000000,0.594559,0.000000,0.596012,0.651992,0.000000,0.000000,0.163338,2.699162,0.034402,1.484454,5.446634,0.000000,2.365945,0.000000,0.000000,0.353637,3.633826,0.000000,10.131385,0.110376,0.745783,0.638461,26.000000,0.000000,6.105875
3.301763,3.013016,5.050485,0.439289,3.047940,0.000000,0.439272,0.342884,0.570123,3.542448,0.000000,2.067627,4.115023,0.428362,0.233859,0.000000,3.630002,1.908653,1.186540,1.477605,0.043486,0.886385,3.446106,0.429065,5.063568,0.178163,1.136349,0.327206,0.000000,0.447754,0.414419,0.464942,0.043384,0.000000,2.423792,0.079569,0.486196,5.747253,0.000000,2.438402,0.000000,0.458288,0.827596,2.317887,0.000000,9.893697,0.189800,0.282366,0.871899,26.000000,0.146066,6.118605
1.445516,2.540655,5.101008,1.096085,1.377177,0.000000,0.481054,0.000000,0.236709,3.887142,0.000000,2.161396,0.135694,0.000000,0.339896,0.000000,3.533426,1.118012,0.817618,0.000000,0.000000,1.621842,4.484459,0.275707,0.000000,0.000000,0.581727,0.000000,0.000000,0.557714,0.523193,0.000000,0.000000,0.000000,2.230814,0.989024,0.672656,5.923730,0.000000,2.376996,0.168768,0.059033,0.693679,4.344782,0.000000,9.912934,0.269059,0.817298,0.510684,104.000000,0.000000,6.120870
1.789386,1.432798,5.233480,0.232657,1.984318,0.000000,0.471482,0.000000,2.399891,2.669234,0.274124,2.768206,0.085567,0.000000,0.679725,0.589154,3.900831,1.231700,0.643673,0.954693,0.000000,1.025508,3.376688,0.307188,2.010109,0.000000,0.556860,0.000000,0.000000,0.532590,0.423081,0.000000,0.000000,0.000000,2.272441,0.243384,0.706528,4.817905,0.000000,2.086780,0.000000,0.274636,0.565370,1.954298,0.000000,10.040313,0.000000,0.000000,0.383953,104.000000,0.706830,6.149976
1.397396,1.949481,4.686749,0.094952,3.341607,0.000000,0.123256,0.000000,0.000000,2.271456,0.000000,2.308350,0.482126,0.000000,0.145255,0.000000,2.776240,1.771788,1.646368,1.613462,0.000000,0.300505,4.342396,0.972023,4.223019,0.000000,0.678193,0.325275,0.000000,0.489003,0.781868,0.000000,0.040549,0.154794,1.937879,0.000000,0.904440,5.131895,0.000000,2.484769,0.000000,0.057494,0.414560,3.342535,0.000000,10.261283,0.000000,0.000000,0.448181,26.000000,0.000000,6.201182
1.059595,3.688616,4.721740,2.079036,3.277327,0.518281,0.188664,0.540691,0.000000,0.991789,0.000000,2.572225,1.383445,0.000000,1.331518,0.028326,3.742453,2.377268,0.944634,0.000000,0.000000,0.290618,3.171824,0.952206,3.541107,0.180471,0.708295,0.000000,0.000000,0.612568,0.567871,0.152461,0.000000,0.000000,2.094712,0.204370,0.589708,5.152689,0.000000,2.340070,0.006579,0.000000,0.501444,4.586323,0.000000,10.051532,0.000000,0.004820,0.144231,109.000000,0.000000,6.201845
3.047762,0.528489,4.010352,0.000000,0.439717,0.168599,0.168881,1.202899,1.303727,5.745857,1.008960,0.714136,0.918009,0.580006,0.438520,1.006196,3.317611,2.058939,1.519197,1.715114,0.179112,2.827350,5.202033,1.442075,4.809486,0.000000,0.261322,0.059328,0.000000,0.350275,0.706306,0.080201,0.084471,0.000000,2.312438,1.347034,2.251495,6.029948,0.000000,2.038812,0.000000,0.000000,0.657922,3.175036,0.000000,10.309305,0.246521,0.693104,1.119968,73.000000,0.069586,6.209888
2.885225,0.139626,4.544088,0.901931,1.955569,0.025687,0.080139,2.784285,0.034685,5.236998,0.826342,2.824638,1.175955,0.527756,2.351676,0.000000,3.914701,1.580943,0.866496,1.295084,0.000000,1.770317,4.772985,0.330554,2.995187,0.000000,0.432576,0.116313,0.000000,0.804206,0.592997,0.000000,0.000000,0.273394,2.458355,0.506843,1.151329,4.403211,0.000000,2.244544,0.000000,0.000000,0.384008,3.162445,0.000000,10.798429,0.136974,0.161949,0.000000,89.000000,0.000000,6.376950
2.477329,0.154070,4.254850,0.536250,0.699917,0.000000,0.272614,0.651132,1.674201,5.021970,1.526321,1.978115,1.091738,0.782276,1.936345,0.199714,3.583171,2.549311,0.462203,3.232085,0.000000,3.153799,5.375119,0.481186,2.186530,0.000000,0.931343,0.214474,0.000000,0.705462,1.279019,0.000000,0.335583,0.000000,2.644121,0.852799,1.752431,5.324803,0.240379,2.768479,0.000000,0.000000,0.134728,4.052974,0.000000,10.881980,0.179790,1.327256,0.181880,102.000000,0.000000,6.377022
2.705076,0.050661,3.711035,0.438254,1.846527,0.000000,0.000000,0.141855,0.506293,0.793779,0.000000,1.126586,0.368707,0.000000,0.411882,0.782116,2.707833,1.851417,0.628224,3.622931,0.000000,0.454922,1.105518,0.500434,2.835961,0.000000,0.000000,0.325500,0.000000,0.920335,0.200812,0.000000,0.000000,0.000000,2.524137,0.000000,0.000000,3.022650,0.047187,2.258199,0.000000,0.688691,0.747653,0.667800,0.000000,10.935699,0.000000,0.000000,0.031311,124.000000,0.780447,6.385227
3.606290,1.000534,6.039546,1.727944,3.371351,0.129858,2.246302,0.872277,1.338669,5.057294,0.514295,1.765469,1.545740,0.000000,2.168147,0.000000,3.556267,2.661420,2.531037,3.962035,0.268920,2.535839,3.406213,0.042270,3.510351,0.000000,0.836798,1.009199,0.987563,0.238691,1.344798,0.169451,0.000000,0.000000,2.187422,0.197748,1.104055,5.178347,0.000000,2.971620,0.089242,0.175956,0.904589,3.092534,0.036585,10.831723,0.000000,0.025975,0.000000,125.000000,0.608347,6.385413
1.941204,2.109592,5.530463,1.235969,2.280531,1.927999,2.526736,0.000000,0.973924,2.641141,0.000000,1.532706,0.000000,0.083510,1.764916,0.342099,4.701116,0.362649,2.623941,3.448178,0.000000,1.545341,2.179568,0.183518,1.226322,0.000000,1.423861,1.116571,0.000000,1.129700,1.751391,0.000000,0.567628,0.000000,2.644121,0.487005,0.000000,4.687492,0.883667,3.665883,0.000000,0.599792,0.501630,4.591605,0.000000,10.804505,0.000000,0.000000,0.000000,131.000000,0.000000,6.389038
1.920316,0.825271,5.016761,0.404981,3.386919,0.000000,0.480050,0.037894,2.834481,3.511889,0.117724,3.413257,1.642132,0.016370,0.594598,1.255783,4.110754,0.736193,0.711958,2.192683,0.380778,1.644542,2.811742,1.119818,2.259922,0.000000,0.062038,0.000000,0.311428,0.484062,0.815098,0.203558,0.000000,0.000000,2.272441,0.276029,0.594502,4.117298,0.000000,2.973232,0.000000,0.326269,0.415279,5.252477,0.000000,10.884971,0.000000,0.000000,0.307594,135.000000,0.000000,6.393297
2.686959,0.984261,5.023739,0.744534,3.313960,0.000000,1.568168,0.150471,2.028401,3.040645,0.081172,2.255363,2.474222,0.000000,1.972411,0.072903,3.491682,1.978853,1.672374,3.498545,0.000000,1.272672,2.443787,0.536527,1.983172,0.000000,0.000000,0.042674,0.000000,0.286413,0.535600,0.000000,0.000000,0.145410,1.753229,0.000000,0.000000,2.951574,0.000000,2.658379,0.000000,0.439310,0.134341,4.207538,0.000000,10.927152,0.000000,0.027098,0.000000,135.000000,0.000000,6.393843
2.849806,0.852128,4.806400,0.711282,1.044073,0.418200,0.000000,0.150372,1.261226,5.684282,2.561289,2.141600,2.013370,0.647798,2.780534,0.812181,4.804149,1.857671,0.820382,3.903263,2.628320,2.261531,4.117372,1.167521,1.948588,0.191080,0.000000,0.000000,0.000000,1.819705,1.864283,0.225907,0.138894,0.000000,3.017929,0.265040,0.762084,4.045208,0.389493,3.218765,0.000000,0.383105,1.472005,4.175646,0.000000,10.681721,0.169057,0.141080,0.000000,102.000000,0.262084,6.393892
3.123379,0.000000,3.875832,1.336948,1.168291,0.870101,0.170675,1.073271,0.354130,0.723833,0.135922,0.276353,1.674866,0.000000,0.214428,1.265816,2.339014,2.129960,0.743198,2.529653,0.000000,0.781700,3.023134,1.092807,2.777917,0.000000,1.349928,0.203682,0.000000,0.436262,0.664374,0.380606,0.000000,0.000000,2.699162,0.175711,0.000000,3.498421,0.000000,2.186295,0.000000,0.000000,0.051150,2.242975,0.000000,10.946699,0.000000,0.396116,0.483278,144.000000,0.861285,6.405345
3.009326,0.000000,4.491969,0.745381,0.968187,0.000000,0.283797,0.234276,2.252056,4.780812,0.804041,1.581033,1.248725,0.812883,1.003665,0.066988,3.257077,2.095830,1.191130,1.509187,0.050407,2.339674,4.802178,0.498178,2.256136,0.000000,0.352144,0.293844,0.000000,0.273166,0.391297,0.000000,0.000000,0.000000,1.529660,0.197646,1.235293,4.701717,0.000000,2.209141,0.047456,0.379542,0.338801,3.923634,0.000000,10.889274,0.008103,0.203493,0.044401,102.000000,0.543229,6.408246
0.245410,0.000000,4.092885,0.446282,3.181252,0.000000,0.008069,0.000000,0.000000,4.595166,0.479419,1.997781,0.000000,0.000000,1.381086,0.000000,3.654448,0.932076,1.136928,3.091889,0.000000,2.376484,3.874756,0.273479,0.103257,0.000000,0.166278,0.635688,0.000000,0.240627,0.571265,0.387728,0.000000,0.000000,2.751355,0.000000,0.445487,5.236147,0.000000,2.417815,0.000000,0.000000,0.598693,4.423668,0.000000,10.923760,0.139187,0.649639,0.064915,146.000000,0.000000,6.409974
1.601223,0.000000,4.417332,0.944874,1.736453,0.063881,0.045006,0.000000,0.003811,3.709681,1.629973,2.343377,0.295473,0.000000,1.980667,0.000000,3.249630,0.820458,0.000000,3.678172,0.000000,2.310981,4.246655,0.389988,1.376305,0.172952,1.181527,0.554605,0.000000,0.246098,0.748039,0.000000,0.000000,0.000000,3.017929,0.509205,1.062262,4.377320,0.000000,1.537012,0.000000,0.000000,0.855370,1.726549,0.000000,10.917459,0.155090,0.427359,0.278307,83.000000,0.000000,6.410991
2.591121,0.887870,3.161346,0.063772,2.905244,0.145325,0.183364,0.000000,0.000000,3.707263,0.000000,2.059142,1.008067,0.000000,0.000000,0.000000,2.635979,0.927396,0.239219,2.351921,0.000000,0.642600,0.947005,0.000000,1.822706,0.000000,0.121429,0.775404,0.197647,0.543514,1.193690,0.000000,0.000000,0.000000,2.725596,0.000000,0.718158,2.331414,0.198367,2.684879,0.110029,0.000000,0.438958,2.208735,0.000000,10.683857,0.000000,0.000000,0.000000,124.000000,0.000000,6.419346
2.789119,0.776572,4.965937,0.000000,3.288313,0.000000,0.898378,0.000000,0.820174,3.112289,0.106507,2.744130,3.147363,0.000000,1.288020,1.153729,4.136473,1.533641,1.620288,3.437870,0.000000,0.815251,2.650926,0.350114,2.019186,0.000000,0.919378,1.145513,0.000000,1.411979,0.313325,0.528676,0.000000,0.000000,2.672016,0.117176,0.135012,3.744903,0.057631,2.843135,0.000000,0.962492,0.549590,3.037658,0.034446,11.006094,0.000000,0.000000,0.294783,144.000000,0.000000,6.427869
2.780347,0.678899,4.032027,0.244841,1.528916,0.019624,0.172510,0.000000,0.143640,1.593175,0.000000,1.694557,2.072952,0.147943,0.536688,0.510969,3.399890,1.539348,0.847947,1.927623,0.002276,0.410403,3.064007,0.000000,1.877820,0.000000,0.776312,0.965065,0.000000,0.932227,0.801387,0.064543,0.115205,0.000000,1.753229,0.511931,1.116168,2.789152,0.000000,2.093126,0.000000,0.000000,0.984333,3.138834,0.000000,10.923738,0.000000,0.000000,0.701274,144.000000,0.000000,6.439506
2.351828,0.479398,4.840206,0.563878,1.237615,0.000000,0.000000,0.315352,0.000000,4.480302,0.694547,1.862242,0.048956,1.247419,1.148236,0.145861,3.780972,1.921909,0.284095,2.501439,0.138924,2.446087,4.175408,0.877631,2.725288,0.000000,0.173820,0.000000,0.097838,0.317770,0.566061,0.000000,0.000000,0.000000,2.142112,0.318204,0.546637,4.631049,0.217775,2.287106,0.000000,0.106274,1.102070,2.328673,0.000000,10.949424,0.141664,0.278620,0.000000,73.000000,0.000000,6.448998
2.938165,0.270017,3.208629,1.232029,1.526306,0.161701,1.392698,1.815489,2.194758,2.339086,0.123498,0.910078,0.422977,0.147218,0.287605,0.513115,2.133631,2.164631,1.193737,2.701349,0.000000,1.462440,2.312900,0.862539,1.931473,0.069329,1.357143,0.653512,0.000000,0.667766,1.456086,0.010004,0.000000,0.000000,2.555494,0.133040,0.000000,4.354058,1.388173,3.305753,0.000000,0.000000,0.604597,3.529111,0.000000,10.877426,0.050183,0.000000,0.000000,158.000000,0.000000,6.449290
3.166875,0.880934,3.487890,0.520970,3.646540,0.000000,1.533721,0.000000,2.283147,4.308372,0.096963,2.097563,3.171820,0.525499,1.615331,0.000000,3.658422,2.458810,1.845758,0.119498,0.274643,2.222843,3.208967,1.439702,2.938662,0.000000,1.218305,0.283042,0.000000,0.538905,0.492196,0.000000,0.000000,0.000000,2.350926,0.000000,0.371591,3.869092,0.311495,2.638651,0.000000,0.000000,0.000000,4.471680,0.000000,10.941248,0.000000,0.188913,0.173884,131.000000,0.000000,6.453187
1.334145,0.094810,3.559647,0.569300,3.009241,0.477899,0.017159,0.000000,2.265044,3.700266,0.650773,1.351750,1.314832,0.000000,1.530531,0.041068,2.396388,0.000000,0.801094,2.229050,0.129535,1.617037,1.426883,0.708979,1.789091,0.000000,0.365988,0.227614,0.000000,0.253556,0.248360,0.000000,0.039322,0.000000,2.272441,0.000000,0.213025,4.157893,0.146705,0.090018,0.000000,0.000000,0.000000,3.958082,0.000000,10.956713,0.000000,0.309298,0.019681,135.000000,0.000000,6.454391
0.613517,0.146821,5.399014,0.537638,2.428176,0.541779,0.896698,0.000000,1.589883,5.208706,0.993829,1.802621,0.000000,0.071253,1.615404,0.247422,3.530136,0.432332,1.964752,3.433882,0.000000,1.934863,3.532761,0.337483,0.847712,0.000000,0.922691,0.554333,0.000000,0.903901,1.025384,0.000000,0.155735,0.000000,2.388011,0.039364,0.298174,5.113375,0.282155,3.051361,0.000000,0.000000,0.440974,4.726997,0.000000,10.792693,0.000000,0.438137,0.421662,146.000000,0.000000,6.454784
3.326442,0.000000,4.099583,1.427691,4.271195,0.584621,0.439543,0.000000,0.118635,3.993829,0.267584,1.206011,2.215223,0.768677,1.947360,0.127425,3.069604,1.805535,0.709092,3.864390,0.026531,2.093344,2.475515,0.264339,2.864885,0.000000,1.216644,0.004057,0.000000,0.592660,1.678869,0.000000,0.000000,0.000000,2.725596,0.000000,0.000000,2.135909,0.000000,2.920472,0.000000,0.000000,0.136632,3.969903,0.000000,10.769056,0.000000,0.125199,0.000000,144.000000,0.000000,6.457691
3.136043,0.079952,6.211430,1.406587,2.142238,0.000000,0.256557,0.103731,1.784680,4.037345,0.022305,1.930932,0.838127,0.000000,1.478599,0.363283,3.994472,0.759015,0.451566,2.890825,0.667855,1.991552,4.127964,0.922843,2.477951,0.000000,1.094978,0.201106,0.000000,0.618677,1.006625,0.188224,0.000000,0.000000,2.312438,0.550324,0.510797,4.897532,0.000000,2.895545,0.000000,0.000000,0.000000,5.395760,0.159204,10.933569,0.000000,0.045525,0.000000,73.000000,0.335434,6.462160
2.096780,0.115371,2.178173,0.000000,0.632518,0.119739,0.000000,1.145318,0.000000,4.087497,0.143947,0.101351,0.000000,0.000000,0.221431,0.000000,2.482293,0.387194,0.603528,2.398377,0.000000,1.595190,0.790780,0.144368,1.020883,0.000000,1.196435,0.490633,0.000000,0.523897,1.615119,0.000000,0.000000,0.000000,1.818447,0.000000,0.000000,3.050643,0.000000,3.065651,0.000000,0.000000,0.000000,3.902805,0.000000,10.725286,0.000000,0.000000,0.000000,124.000000,0.000000,6.471367
0.689785,1.759987,5.475657,0.000000,2.969275,0.031406,0.361865,0.000000,0.000000,4.861002,0.000000,3.088561,0.000000,0.000000,1.130144,0.494198,3.853770,0.288244,1.004920,3.230915,0.000000,0.000000,3.530824,0.000000,0.000000,0.000000,0.521175,0.000000,0.173516,0.246404,1.127058,0.000000,0.000000,0.299036,2.187422,0.175755,0.381678,5.004404,0.000000,2.711466,0.000000,1.292194,0.158095,4.231139,0.000000,10.775242,0.339455,0.050997,0.220063,135.000000,0.000000,6.472460
3.628312,0.155548,5.071619,0.315022,1.541803,0.000000,0.706377,0.000000,0.196443,2.591485,0.579473,2.972641,1.358033,1.078551,1.451196,0.776006,3.721717,2.013150,0.797575,1.130228,0.000000,1.845891,5.063084,0.753664,3.697491,0.000000,0.863451,0.000000,0.000000,1.173822,0.939214,0.000000,0.000000,0.000000,2.312438,0.161840,1.386447,5.578613,0.000000,2.803908,0.000000,0.183688,0.778345,4.194705,0.000000,10.943151,0.000000,0.206354,0.546590,73.000000,0.000000,6.476070
3.625819,0.830211,5.228653,2.081451,1.951350,0.497593,0.975177,0.793312,1.236485,4.990009,0.694674,1.729303,0.723580,1.277974,1.711145,0.212463,3.862776,1.937783,1.863627,2.543772,0.000000,1.712115,4.917611,0.000000,2.349435,0.000000,0.922168,0.183250,0.000000,0.691523,0.436493,0.003111,0.000000,0.000000,1.937879,1.094421,1.386297,5.228374,0.262877,2.745935,0.000000,0.000000,0.506791,4.351872,0.277108,10.847979,0.000000,0.648050,0.000000,89.000000,0.288054,6.478998
1.940023,1.135645,4.177927,1.122205,2.334267,0.732956,2.033751,0.713530,1.781921,1.678163,0.135900,0.547668,0.862815,0.477846,2.630930,0.019040,4.399350,1.523681,1.719986,3.199954,0.413518,1.570359,3.267833,1.012912,1.087034,0.000000,1.270530,0.182511,0.000000,1.489698,1.824241,0.000000,0.000000,0.000000,2.272441,0.000000,0.820425,3.916229,0.309278,3.274273,0.000000,0.000000,0.419726,4.816030,0.000000,11.026267,0.000000,0.454066,0.317382,131.000000,0.000000,6.485641
2.485090,0.000000,1.989326,0.052913,0.000000,0.407349,0.165216,0.101641,0.000000,3.225633,0.000000,1.003676,2.026690,0.049579,1.027387,0.292920,3.085646,1.710171,0.000000,4.277250,0.000000,0.000000,1.602545,0.372653,2.164040,0.000000,0.962740,0.000000,0.000000,0.886239,1.232147,0.105179,0.000000,0.000000,2.893444,0.000000,0.000000,3.683488,0.000000,2.393018,0.000000,0.000000,0.000000,1.423084,0.000000,10.866689,0.000000,0.000000,0.262286,124.000000,0.509900,6.493219
2.635656,0.000000,5.335705,0.322091,2.453757,0.000000,0.000000,0.006502,1.813120,3.445996,0.890601,1.275861,0.703589,0.000000,1.679125,1.055650,3.570310,0.490566,0.304434,3.169772,0.199085,2.233964,3.928552,0.405303,1.411252,0.135632,1.257763,1.144074,0.000000,0.345105,0.814903,0.000000,0.000000,0.000000,2.555494,0.000000,0.507574,4.229775,0.286362,2.366163,0.000000,0.000000,0.804629,4.246370,0.037936,10.921424,0.013015,0.422845,0.071385,135.000000,0.000000,6.493967
1.898814,1.863454,5.833916,0.409304,2.912519,0.000000,1.087303,0.551968,1.069330,4.712633,0.000000,3.352547,0.000000,0.121669,2.435824,0.000000,4.595852,1.203730,0.850610,2.957401,0.000000,1.665989,2.982276,0.691546,1.200525,0.000000,0.827762,0.132832,0.051048,0.639832,0.175875,0.008532,0.000000,0.136063,2.524137,0.057849,0.766170,3.512243,0.000000,2.808139,0.000000,0.059606,1.217219,4.820563,0.000000,10.809269,0.038761,0.000000,0.000000,135.000000,0.000000,6.494642
0.234472,1.016978,4.131328,2.120418,2.932001,0.000000,0.475732,3.718452,1.207385,3.815616,0.011507,0.894316,0.627727,0.000000,0.511601,0.095217,3.399976,0.840330,0.525619,0.000000,0.270209,1.045267,3.638613,0.000000,0.383895,0.000000,0.848005,0.000000,0.000000,0.554026,0.912873,0.557933,0.093969,0.000000,2.957612,0.631908,0.042789,3.342792,0.000000,0.965319,0.000000,0.135028,0.821494,1.609526,0.000000,10.904577,0.000000,0.000000,0.000000,166.000000,0.000000,6.499626
3.398411,0.739952,4.456160,1.342368,1.948638,0.181567,2.139180,0.000000,0.486855,4.167737,0.312053,1.512431,0.893158,0.268922,1.200594,0.000000,3.419688,1.321615,0.319822,1.898141,0.278838,1.645477,2.571303,0.330244,2.157925,0.000000,0.890859,0.319466,0.000000,0.261529,0.713016,0.000000,0.000000,0.025120,2.272441,0.094521,0.365867,3.271412,0.121261,2.304537,0.000000,0.543466,0.870338,3.266276,0.000000,10.874921,0.000000,0.000000,0.000000,144.000000,0.000000,6.507527
0.146464,1.132810,5.104510,0.865020,3.298264,0.000000,0.242314,3.277345,0.442082,2.801622,0.000000,1.241672,0.000000,0.000000,1.723686,0.161785,3.614216,0.000000,1.170260,2.929042,0.000000,1.142231,3.017004,0.253852,0.213828,0.000000,1.398414,0.205443,0.000000,1.090968,1.100648,0.000000,0.000000,0.000000,2.644121,0.000000,1.311733,3.892187,0.498621,1.831100,0.303387,0.000000,0.494849,3.232893,0.000000,10.803167,0.378636,0.538855,0.000000,166.000000,0.000000,6.510832
3.172200,0.418012,5.179060,1.078779,3.072936,0.797816,2.761592,0.104052,1.644160,2.421799,0.000000,1.866149,0.968493,0.914749,1.772388,0.321700,3.637007,1.438822,1.425925,1.782866,0.054640,1.572979,3.194734,0.162001,1.500481,0.000000,0.372587,0.615615,0.000000,0.704870,1.866943,0.097607,0.000000,0.000000,2.142112,0.000000,0.000000,4.015804,0.000000,2.644557,0.000000,0.274136,1.318165,4.834653,0.000000,10.822973,0.000000,0.292024,0.000000,131.000000,0.000000,6.514237
1.513313,1.245380,4.753430,0.070497,2.470213,0.077230,0.934278,1.951430,1.386309,1.876415,0.091852,2.033123,1.275588,0.000000,1.479601,0.147686,4.062675,1.229143,0.297362,0.000000,0.000000,1.280224,3.273730,0.096396,2.082464,0.000000,0.202984,0.578832,0.000000,0.611618,0.591282,0.121383,0.000000,0.000000,2.388011,0.198471,0.480753,2.888179,0.000000,1.846479,0.000000,0.568690,0.000000,3.631241,0.000000,10.794058,0.000000,0.000000,0.020416,167.000000,0.000000,6.514844
2.366249,0.572644,3.315493,0.872743,3.432102,0.342982,0.505338,0.107060,0.325231,2.900106,0.000000,1.223588,1.865615,1.083163,0.884816,0.570881,3.365867,1.312731,1.047832,2.456583,0.000000,0.908653,1.775738,0.264356,1.801239,0.000000,0.000000,0.000000,0.000000,0.555606,0.632999,0.000000,0.000000,0.000000,1.937879,0.000000,0.590025,2.302807,0.234262,2.774174,0.000000,0.470268,0.021249,3.530725,0.000000,10.844000,0.000000,0.236644,0.034932,144.000000,0.118462,6.516042
1.659618,0.263025,5.489515,0.587953,2.084563,0.426997,0.122667,0.050363,0.818032,1.500635,0.189362,3.195055,0.983071,0.000000,1.710999,0.000000,4.751439,0.437024,0.885482,4.526706,0.000000,1.262318,3.417784,0.461052,0.930281,0.000000,0.000000,0.041209,0.000000,1.207172,0.963443,0.179354,0.054375,0.000000,2.672016,0.000000,1.296240,4.266706,0.476475,2.596857,0.000000,0.397180,1.497450,4.180273,0.219106,10.894116,0.000000,0.155874,0.000000,135.000000,0.000000,6.526438
2.906735,0.362757,4.397156,0.000000,1.441822,0.501127,0.000000,0.013761,0.202893,3.601686,0.853408,0.817009,2.004330,0.020984,1.668888,0.000000,3.389186,2.285578,1.052790,2.099887,0.000000,1.785839,3.895657,1.438614,3.112929,0.000000,1.413077,0.000000,0.000000,0.462375,0.569186,0.831977,0.000000,0.000000,2.423792,0.000000,0.292967,4.177176,0.087186,2.835053,0.000000,0.707491,0.644285,3.832812,0.000000,10.873166,0.000000,0.000000,0.017237,73.000000,1.246858,6.527530
3.372766,0.035413,4.993553,0.673613,0.647364,0.000000,0.000000,0.334734,0.000000,4.052341,0.477428,3.043730,0.790632,1.029770,1.096036,0.070709,3.510533,1.924982,0.834109,1.921267,0.000000,3.051165,5.336233,0.100445,2.869969,0.000000,0.000000,0.000000,0.000000,0.325506,0.268670,0.000000,0.000000,0.000000,2.458355,0.115294,1.936406,5.253297,0.000000,2.607715,0.000000,0.202452,0.492198,4.058857,0.000000,11.012420,0.000000,0.179455,0.212906,102.000000,0.000000,6.531297
2.617569,1.657541,5.091732,2.651732,2.491551,0.000000,0.000000,4.025075,2.955548,3.192602,0.286517,2.844945,1.314282,0.472898,1.384138,0.835118,4.433280,2.026035,1.086458,3.956548,0.218472,1.101202,3.478393,0.447470,2.441995,0.000000,0.000000,0.103621,0.000000,1.113762,1.083529,0.000000,0.000000,0.000000,2.978122,0.428995,0.213062,3.985894,0.279437,2.820296,0.000000,0.428838,1.129560,3.720291,0.257202,10.913179,0.017472,0.000000,0.000000,170.000000,0.000000,6.535716
2.488703,0.725438,3.393173,0.000000,0.990696,0.464413,0.043489,0.000000,0.338042,2.519398,1.208176,0.313843,0.827738,0.867611,1.218941,0.549182,2.694309,0.347519,0.466596,3.133183,0.706907,0.521253,1.956313,0.393040,2.017127,0.000000,0.476568,0.440988,0.000000,0.459002,1.366056,0.000000,0.124566,0.000000,2.423792,0.000000,0.000000,2.050292,0.103462,2.412321,0.000000,0.495887,0.000000,1.866279,0.000000,11.021120,0.000000,0.000000,0.185231,124.000000,0.000000,6.536581
3.047230,0.000000,5.319116,0.420935,0.722956,1.141832,0.229282,1.126661,0.639136,5.077396,0.538237,1.648905,1.268557,1.037290,2.455999,0.237490,4.083938,1.831690,0.287559,3.611950,0.000000,2.799666,5.498109,0.136723,2.169033,0.740583,1.163169,0.810453,0.000000,0.486274,1.172358,0.000000,0.000000,0.000000,2.555494,0.565102,1.422038,4.374217,0.000000,2.905103,0.135293,0.000000,0.603879,2.154582,0.000000,10.781029,0.000000,0.435543,0.000000,102.000000,0.102663,6.536871
0.068784,1.051441,5.752826,0.421585,4.735654,0.337671,0.000000,0.000000,2.123584,5.227529,0.000000,3.125773,0.000000,0.365743,2.516007,0.683200,5.169031,0.269016,1.615183,3.222225,0.000000,0.026683,3.162583,0.000000,0.000000,0.000000,0.030351,0.204258,0.000000,0.965187,1.269767,0.570991,0.000000,0.000000,2.751355,0.406953,0.678533,4.369112,1.608930,3.057954,0.000000,0.000000,0.344338,1.355920,0.000000,10.977426,0.000000,0.000000,0.219162,146.000000,0.000000,6.540595
2.686300,0.000000,3.957365,0.723079,1.475954,0.000000,0.752162,0.216047,0.393324,4.581913,0.055360,1.599876,1.072166,0.346703,0.598992,0.342641,2.639554,2.284585,0.576931,2.335035,0.104393,2.142369,4.868338,1.062136,2.882150,0.000000,0.925115,0.000000,0.000000,0.676861,0.363930,0.054412,0.174243,0.000000,2.555494,0.350291,0.451166,4.672931,0.165383,2.526692,0.000000,0.221890,0.614276,4.409240,0.000000,10.742536,0.000000,0.186191,0.848032,73.000000,0.000000,6.541057
0.241631,0.266049,4.456871,0.000000,2.596838,0.930229,2.080882,0.191227,2.945809,4.105062,0.000000,0.735783,0.122893,0.041757,1.680435,0.000000,2.733114,0.559073,0.715961,0.000000,0.000000,2.045811,3.654330,0.553153,0.821275,0.000000,0.281201,0.276598,0.000000,0.250745,1.106008,0.000000,0.000000,0.000000,2.230814,0.553297,0.482332,4.262918,0.000000,2.776227,0.000000,0.115128,0.000000,3.288695,0.000000,10.934613,0.000000,0.000000,0.000000,83.000000,0.198809,6.557089
1.745767,0.232980,4.915197,0.000000,2.959609,0.000000,0.000000,0.000000,2.180988,3.278203,0.000000,2.449081,0.509752,0.000000,1.483988,0.000000,3.844543,0.677558,0.039888,1.956240,0.160491,1.186600,3.654174,0.577372,1.616144,0.000000,0.345334,0.112140,0.059507,0.415416,0.071581,0.000000,0.000000,0.000000,2.272441,0.691433,0.156310,4.283140,0.396362,1.322822,0.000000,0.000000,0.046725,4.077030,0.000000,10.818062,0.000000,0.349559,0.000000,135.000000,0.182538,6.575481
0.629894,1.959741,4.344998,0.394622,1.320493,0.000000,0.752199,2.029607,0.000000,1.957199,0.173430,1.303697,0.607664,0.106705,1.066956,0.094130,2.450871,0.056584,1.002568,3.083330,0.617847,1.330419,2.834407,0.482082,0.000000,0.000000,0.000000,0.000000,0.000000,0.474920,0.121037,0.000000,0.036108,0.000000,2.423792,0.000000,0.192696,3.108748,0.000000,1.656614,0.000000,0.000000,0.424495,3.582855,0.000000,10.947108,0.000000,0.145957,0.000000,166.000000,0.000000,6.587129
2.422918,0.000000,5.462521,0.573401,0.358624,0.000000,1.129175,0.251392,2.864170,4.044102,0.043860,1.204146,0.836092,0.000000,2.044286,0.000000,4.604330,2.686872,1.268301,2.492784,0.000000,2.729882,4.251994,1.002492,2.022330,0.000000,1.033137,0.654805,0.171903,0.416720,1.400009,0.115928,0.068647,0.000000,2.555494,0.326296,1.331472,5.374589,0.000000,3.166947,0.000000,0.000000,0.524960,3.313666,0.000000,10.922376,0.023889,0.205758,0.194069,102.000000,0.000000,6.588025
3.161290,1.372909,3.537603,3.402176,0.000000,0.000000,0.317748,4.551174,0.000000,4.504974,0.160444,1.866872,0.000000,1.279955,0.000000,0.123443,2.789432,1.040116,0.410303,3.694833,0.143071,0.767930,2.797021,0.510957,1.600320,0.000000,1.152117,0.117256,0.000000,0.380708,0.455768,0.020827,0.000000,0.333956,2.458355,0.000000,0.047599,2.793225,0.000000,2.720788,0.000000,0.289656,0.461825,4.117518,0.389064,10.870959,0.100866,0.125460,0.000000,170.000000,0.000000,6.588066
3.651095,0.000000,4.786774,0.000000,0.531563,0.705903,0.000000,0.582347,0.210830,3.346480,0.000000,1.695557,0.219452,1.090369,2.307389,0.045169,3.930526,2.305737,1.148794,0.512867,0.047991,0.996449,4.215888,0.000000,2.205146,0.000000,0.900328,0.327914,0.000000,0.332474,1.021704,0.000000,0.000000,0.152404,2.142112,0.029794,1.412342,4.027866,0.000000,2.476712,0.000000,0.000000,0.757110,3.767482,0.000000,10.914336,0.000000,0.131476,0.000000,73.000000,0.023030,6.594799
1.886341,0.126031,6.135575,1.883513,3.840414,0.000000,1.598227,3.082180,0.000000,1.927676,0.000000,2.822560,0.000000,1.212378,2.541469,0.557096,4.607343,0.107379,1.180535,0.000000,0.037325,2.924077,4.108202,0.152565,0.574817,0.000000,1.221261,0.128470,0.000000,0.962057,2.062875,0.000000,0.000000,0.000000,2.585907,0.848197,1.341705,5.259674,0.482614,2.862263,0.000000,0.762786,1.049529,5.935069,0.115242,10.895831,0.061820,0.332035,0.213519,173.000000,0.000000,6.597733
3.406133,0.287723,2.905575,0.939060,1.048716,0.254111,0.732286,0.286037,0.023353,5.374770,1.402757,1.389723,2.277469,2.049028,0.896438,0.046760,2.838505,1.589543,1.559424,2.492636,0.000000,1.950753,4.353375,0.986586,2.100657,0.037936,1.082285,0.064159,0.000000,0.549266,0.553301,0.281356,0.000000,0.000000,2.230814,0.000000,0.715556,4.179493,0.000000,3.003013,0.000000,0.000000,0.232928,4.286627,0.000000,10.934607,0.158009,0.000000,0.000000,73.000000,0.000000,6.600375
2.638686,0.000000,4.414985,0.126734,0.480108,0.000000,0.376416,0.000000,0.000000,1.736067,0.000000,2.795205,0.760951,0.003408,0.000000,1.303947,2.615916,2.540546,0.996059,0.000000,0.000000,2.734517,4.648793,0.633093,2.651571,0.000000,0.000000,0.000000,0.000000,0.732358,1.114084,0.072861,0.000000,0.000000,1.818447,0.000000,1.355008,4.195083,0.000000,2.213171,0.000000,0.000000,0.006418,3.072751,0.000000,10.760491,0.000000,0.054336,0.000000,104.000000,0.000000,6.600389
2.177089,0.196933,4.450196,0.289816,2.700675,0.000000,0.972238,0.000000,1.795117,3.361416,0.000000,0.811389,2.371584,0.079385,0.916192,0.645404,2.884501,1.805973,1.034618,2.929857,0.000000,2.184298,1.721117,1.118138,2.120687,0.000000,0.000000,0.000000,0.000000,0.837491,0.275178,0.000000,0.000000,0.000000,2.187422,0.000000,0.529689,4.163957,0.000000,1.293800,0.000000,0.337108,0.066111,4.910771,0.000000,10.737129,0.000000,0.000000,0.127476,135.000000,0.487558,6.621558
3.029346,0.000000,3.743374,0.000000,2.280369,0.000000,0.102682,2.156286,0.917024,2.974790,0.000000,1.478885,1.218323,0.000000,0.683190,0.000000,2.997918,1.208281,0.492066,2.155010,0.021233,0.004392,2.222062,0.000000,2.346879,0.000000,0.731431,0.379904,0.000000,1.174495,0.658696,0.296411,0.000000,0.000000,2.045028,0.000000,0.000000,1.811192,0.328587,2.046567,0.000000,0.000000,0.552941,2.235497,0.000000,10.812409,0.000000,0.000000,0.000000,167.000000,0.000000,6.621759
3.083724,0.125405,4.219286,0.102714,0.467077,0.000000,0.000000,0.000000,0.000000,6.083144,0.090981,2.742626,1.181201,0.739085,0.450580,0.827071,3.198785,1.958394,1.270200,2.143614,0.188391,3.143997,5.597768,0.816488,1.914878,0.000000,0.000000,1.170069,0.000000,0.764598,0.589658,0.000000,0.000000,0.000000,2.312438,1.094430,1.736712,4.886014,0.386594,2.679014,0.028413,0.000000,0.591558,4.584324,0.000000,10.747074,0.262432,1.013973,0.028233,73.000000,0.000000,6.626752
3.664324,0.000000,5.327289,0.338971,2.302869,0.318015,1.825811,0.108847,0.413314,3.739724,0.114925,1.418605,1.491543,1.606589,1.670432,0.000000,3.089672,1.836253,0.555286,2.997124,0.042606,2.751505,4.469116,0.153982,2.322317,0.000000,1.425784,0.743940,0.053510,0.522829,1.116052,0.034782,0.190706,0.000000,2.800979,0.421971,1.680509,1.547273,0.000000,2.164161,0.000000,0.241771,1.053896,3.227608,0.000000,10.713954,0.000000,0.184623,0.040008,144.000000,0.000000,6.627219
3.142732,0.000000,5.658267,0.512327,1.591172,0.000000,0.006931,0.010664,0.027224,4.076171,0.086377,0.545700,0.000000,0.606966,2.271214,0.004086,3.557486,1.405626,1.326246,1.295589,0.313822,1.942801,5.286598,0.253649,2.377467,0.000000,0.000000,0.180363,0.000000,0.940471,0.487118,0.000000,0.000000,0.000000,2.585907,1.110305,1.191432,4.051311,0.000000,2.901662,0.000000,0.000000,0.976756,2.126608,0.000000,10.953793,0.000000,0.601318,0.000000,73.000000,0.489125,6.627868
3.668379,0.000000,4.705094,1.612451,2.227457,0.122249,0.671042,0.779161,0.172614,5.202663,0.169428,2.484519,1.082354,0.892814,2.440795,0.270058,3.648440,2.662442,1.709501,2.438838,0.000000,2.684868,4.807039,0.645110,3.289469,0.000000,0.804499,0.133950,0.000000,0.405312,0.961479,0.000000,0.000000,0.000000,2.644121,0.297508,1.077715,5.098831,0.000000,2.047343,0.236663,0.096276,0.495492,3.724154,0.000000,10.753408,0.470519,0.294049,0.997070,89.000000,0.550944,6.633696
2.963159,0.227107,4.368580,0.262087,1.767423,0.000000,0.000000,0.000000,1.162306,1.516721,0.737022,1.670646,2.203322,0.554046,0.536336,0.000000,2.497242,1.030447,0.912794,0.000000,0.000000,1.313799,3.425774,0.471609,2.480034,0.000000,0.000000,0.000000,0.000000,0.363383,1.251849,0.359118,0.000000,0.000000,1.992836,0.114509,0.491688,4.961669,0.000000,2.684309,0.000000,0.404025,0.126044,3.964208,0.000000,10.786421,0.000000,0.152642,0.063900,104.000000,0.056411,6.637338
0.000000,0.115008,5.970710,1.658490,4.811635,0.487534,1.934783,1.507219,0.532053,4.814221,0.000000,2.837515,0.202334,0.000000,2.565599,0.000000,4.582960,0.921196,2.695403,0.000000,0.066638,2.053451,3.759365,0.712865,0.205817,0.000000,0.922045,0.000000,0.000000,0.829397,1.305910,0.000000,0.000000,0.136991,2.644121,0.000000,0.804402,4.538951,0.000000,3.974135,0.000000,0.114467,0.548039,5.746973,0.055843,10.729305,0.000000,0.047159,0.000000,173.000000,0.000000,6.648335
3.640553,0.817632,5.856637,0.839039,3.800688,0.373241,1.462373,0.698362,2.670676,4.335025,0.254635,1.627544,1.727977,0.735258,1.728213,0.352319,3.898317,2.459258,2.410093,2.289854,0.000000,3.135430,2.539379,0.989948,3.212176,0.000000,0.534589,0.433753,0.000000,1.495044,1.054234,0.000000,0.000000,0.000000,2.094712,0.123166,0.060331,4.200616,0.000000,3.127412,0.000000,0.000000,0.865618,5.711565,0.000000,10.799601,0.000000,0.000000,0.114463,125.000000,0.000000,6.652730
0.000000,1.266356,4.662505,0.000000,3.532729,0.000000,0.230070,0.000000,0.988024,4.466825,0.000000,2.170363,0.189461,0.518181,2.352029,0.283855,4.040037,0.847543,0.340479,1.334840,0.000000,2.159320,3.069513,0.476894,0.872693,0.000000,0.000000,0.526104,0.000000,0.623690,1.429757,0.000000,0.000000,0.000000,2.230814,0.234519,0.341108,4.042774,0.000000,2.872988,0.000000,0.000000,0.071014,4.427128,0.000000,10.814129,0.070624,0.000000,0.000000,135.000000,0.000000,6.653523
0.992384,0.281207,4.324692,0.590658,4.022008,0.000000,0.675395,0.000000,0.952018,3.998443,0.751766,2.234550,0.000000,0.000000,1.279222,0.540326,3.129860,1.358026,1.793991,3.471193,0.000000,2.371951,3.439907,0.050425,0.722567,0.000000,0.000000,0.710074,0.000000,0.442073,0.452143,0.140731,0.000000,0.000000,2.350926,0.213754,0.503091,4.071265,0.659765,1.158514,0.000000,0.524191,0.007420,2.661096,0.000000,10.622233,0.000000,0.038705,0.016549,146.000000,0.000000,6.653860
1.843949,0.054260,3.241490,0.000000,1.048456,0.000000,0.816701,0.000000,1.128350,1.801060,0.000000,0.082167,0.195505,0.000000,1.086220,0.000000,2.267067,0.558507,0.000000,4.062193,0.000000,0.605007,0.585437,0.080944,1.113873,0.000000,0.631603,0.000000,0.000000,0.610561,0.585718,0.000000,0.000000,0.000000,2.350926,0.000000,0.000000,2.380164,0.125928,0.694201,0.000000,0.320518,0.000000,3.447956,0.000000,10.808995,0.000000,0.000000,0.000000,124.000000,0.000000,6.680349
3.867389,0.551028,4.961030,0.000000,1.582363,0.000769,2.031496,0.330856,0.947818,4.979605,0.388834,1.960722,0.961368,0.185116,1.761727,0.105982,3.911710,2.202335,1.920380,0.000000,0.096037,2.173005,2.830966,0.605550,2.934740,0.000000,0.845985,0.454207,0.000000,0.797735,0.675205,0.000000,0.000000,0.000000,2.312438,0.000000,0.000000,5.030694,0.000000,3.094035,0.091045,0.000000,0.000000,4.646263,0.000000,10.887021,0.000000,0.028805,0.637779,104.000000,0.000000,6.681416
2.237776,0.762816,4.502671,0.470886,2.555739,0.273373,1.023945,0.162758,0.000000,2.383609,0.289454,2.828673,1.733014,0.555603,1.794176,0.423259,4.212798,1.151397,0.650678,3.107020,0.000000,0.957793,1.955579,0.465258,2.611541,0.000000,0.991611,0.515116,0.000000,0.909788,1.475998,0.337959,0.000000,0.000000,2.699162,0.000000,0.466679,3.550048,0.000000,2.693783,0.000000,0.000000,0.713048,3.727612,0.000000,10.829778,0.000000,0.000000,0.000000,144.000000,0.272825,6.732902
0.989351,1.612736,4.905853,0.000000,2.730869,0.000000,0.686322,0.184720,0.415926,2.702182,0.000000,2.413470,0.000000,0.000000,1.894946,0.501613,3.862498,0.425459,2.004145,1.557951,0.180053,0.945709,2.377167,0.000000,0.023184,0.000000,0.453057,0.000000,0.000000,0.494995,0.781732,0.000000,0.000000,0.000000,2.776472,0.000000,0.000000,3.565609,0.501581,2.432494,0.000000,0.445873,0.638379,2.418436,0.000000,10.815785,0.193860,0.000000,0.000000,124.000000,0.000000,6.738604
3.433719,0.001902,5.131187,0.170121,1.364543,0.000000,0.233646,0.000000,0.840825,5.615712,0.155971,2.041965,2.795288,0.282597,1.365349,0.599265,3.226113,2.985016,1.275631,3.186309,0.509204,1.774649,3.304312,0.354063,2.544970,0.000000,0.821741,0.000000,0.000000,1.194584,0.684950,0.471315,0.000000,0.000000,2.524137,0.000000,0.000000,4.784005,0.000000,2.747363,0.000000,0.028992,0.713342,4.102497,0.000000,10.814686,0.000000,0.000000,0.035951,73.000000,0.290992,6.739179
3.156506,0.000000,4.659826,0.013770,0.559658,0.000000,0.000000,0.000000,1.500597,5.425642,0.540891,2.101012,0.566645,0.281289,0.525657,0.000000,3.518046,1.715224,0.153066,2.351270,0.410557,2.330226,4.034177,0.757959,2.051121,0.000000,0.000000,0.000000,0.000000,0.510976,0.222595,0.378797,0.000000,0.000000,2.491780,0.535357,0.167720,4.638557,0.078229,2.475303,0.000000,0.000000,0.421149,3.813984,0.000000,10.934671,0.000000,0.224303,0.259795,73.000000,0.000000,6.740685
3.540926,1.062445,5.308014,0.767075,1.304730,0.000000,0.666016,0.367758,2.951037,3.000809,0.374343,1.766557,2.218220,0.381815,1.637937,0.000000,3.601654,2.068524,1.212173,3.833083,0.000000,1.028714,3.401229,0.791158,2.178006,0.000000,0.236784,0.234107,1.265268,0.444287,1.360312,0.000000,0.174077,0.000000,2.350926,0.038811,0.264872,4.149182,0.000000,2.869814,0.000000,0.575117,0.050953,3.849317,0.000000,10.738759,0.000000,0.000000,0.062304,135.000000,0.000000,6.746734
2.792296,0.111562,5.299742,0.389903,1.823040,0.000000,0.597364,0.000000,2.641593,5.096092,0.438608,2.418147,3.154203,1.108265,0.975462,0.768606,3.950272,1.074432,0.403924,2.858823,0.000000,2.146503,4.155444,0.210687,2.261134,0.000000,0.913207,0.192174,0.000000,1.121657,1.007560,0.000000,0.000000,0.000000,2.555494,0.030663,0.423784,4.522072,0.000000,3.657851,0.000000,0.000000,0.270131,3.699735,0.004324,10.697115,0.061422,0.962858,0.138027,125.000000,0.000000,6.751638
1.656144,1.306381,4.555092,3.157445,1.366001,0.639322,3.376130,4.844914,1.823579,3.699095,0.578241,1.782358,0.479776,0.000000,0.744859,1.192645,4.191366,1.159711,1.090176,3.267254,0.413785,1.058510,2.256252,0.146136,2.098656,0.000000,1.316094,0.099336,0.000000,0.804648,1.603913,0.066349,0.000000,0.000000,2.893444,0.000000,0.725811,3.393701,0.000000,2.820815,0.000000,0.000000,0.307641,3.538743,0.000000,10.859654,0.000000,0.222601,0.000000,170.000000,0.000000,6.755199
3.554197,0.709721,6.298217,0.242460,2.976360,0.000000,1.832193,0.181483,1.832080,4.524994,0.130859,1.710670,2.867158,0.529665,2.308180,0.353592,4.738652,2.130965,1.050738,3.521982,0.253768,1.655439,4.327195,0.464514,3.116390,0.000000,0.437207,0.357876,0.000000,0.998850,1.039766,0.000000,0.352175,0.000000,2.524137,0.363316,0.179493,5.151714,0.000000,2.946429,0.000000,1.314814,0.730133,4.619164,0.000000,10.890157,0.416956,0.000000,0.558603,125.000000,0.000000,6.761610
2.502511,0.423336,5.601196,0.000000,3.763683,0.367238,0.030509,0.000000,1.459230,3.049717,0.004877,1.616170,1.258041,0.317348,0.000000,0.000000,3.684180,1.927833,0.864816,1.598846,0.709403,0.982782,3.922345,0.000000,1.991248,0.000000,1.002108,0.389230,0.000000,0.728469,1.154226,0.301678,0.000000,0.092127,2.230814,0.000000,0.836967,2.545442,0.000000,2.369096,0.000000,0.249162,0.276311,2.874404,0.000000,11.014851,0.000000,0.000000,0.000000,167.000000,0.356603,6.765836
1.896452,0.144817,4.831220,1.401121,1.148084,0.000000,0.498404,0.000000,1.326694,3.071854,0.366363,2.428370,1.642773,0.600039,1.813439,0.112750,3.391820,1.742548,1.036281,3.389430,0.000000,3.350552,4.906712,0.513121,2.460639,0.021718,0.244487,0.092252,0.000000,0.753423,0.909408,0.559693,0.000000,0.000000,2.800979,0.718376,1.333296,5.411543,1.115942,2.665641,0.000000,0.000000,0.106413,4.936461,0.000000,10.896572,0.000000,0.684144,0.164706,102.000000,0.000000,6.771079
2.021531,0.575385,3.429884,0.000000,1.636743,0.586027,0.868932,0.126723,0.555448,2.094426,0.167894,1.403640,0.653407,0.149066,1.108507,0.000000,4.046809,0.857473,0.823735,2.492548,0.000000,0.770202,1.802122,0.148107,0.337757,0.000000,1.349893,0.239737,0.000000,0.468725,1.555950,0.000000,0.000000,0.000000,2.187422,0.000000,0.000000,3.631498,0.000000,2.993266,0.000000,0.432247,0.127658,2.169433,0.000000,10.808810,0.000000,0.000000,0.175952,124.000000,0.000000,6.773682
3.554545,0.200476,4.634895,0.299377,0.878329,0.000000,0.815273,0.066237,0.483496,1.052593,0.000000,0.019016,2.380164,0.514777,1.805446,0.044552,4.338789,1.540434,1.723408,2.652118,0.063765,1.973419,2.491194,0.559567,2.071059,0.000000,1.344708,0.841620,0.000000,1.329040,1.989521,0.000000,0.143996,0.000000,2.350926,0.000000,0.252013,3.501158,0.000000,2.861589,0.000000,0.000000,0.368906,4.063572,0.063299,10.896556,0.000000,0.000000,0.026237,144.000000,0.000000,6.774123
1.847932,1.440019,4.480440,0.000000,2.773937,0.036084,0.800096,0.000000,1.825565,3.272652,0.116268,2.587358,1.388439,0.128550,1.273305,0.570373,3.383851,1.089981,0.177956,3.151212,0.000000,1.095854,3.669661,0.691004,1.491178,0.000000,1.353000,0.249440,0.000662,0.259104,0.483921,0.375418,0.000000,0.000000,2.350926,0.324258,0.352536,3.851927,0.064181,1.026463,0.000000,0.000000,0.133314,4.374089,0.000000,10.658777,0.041594,0.389639,0.000000,135.000000,0.000000,6.796010
2.270398,1.006744,5.151023,0.153056,2.382126,0.000000,0.684997,0.000000,1.601972,4.122517,0.326351,3.188075,0.518205,0.080953,1.184101,0.248025,3.905307,1.669016,1.184770,0.000000,0.000000,1.781175,3.989549,0.639392,2.048353,0.000000,0.697512,0.030880,0.000000,0.842732,0.626129,0.292618,0.000000,0.000000,2.230814,0.000000,0.601232,4.516625,0.000000,2.504354,0.000000,0.000000,0.169531,4.573443,0.000000,10.869829,0.000000,0.026306,0.000000,104.000000,0.000000,6.798398
1.831487,0.523951,6.422399,0.247545,3.487942,1.661614,3.843423,0.346279,1.240522,4.766073,0.021249,2.770324,0.000000,0.815245,2.886065,1.436421,4.960271,0.569175,1.809850,2.915774,0.126392,2.420410,4.428276,0.370112,0.448435,0.000000,1.275979,0.923419,0.000000,1.394584,0.626478,0.000000,0.000000,0.000000,1.683743,0.000000,0.918956,4.828515,0.239279,3.444115,0.000000,0.362278,0.035499,4.619122,0.000000,10.866800,0.060689,0.000000,0.226367,186.000000,0.000000,6.799901
1.338023,1.030942,4.339571,0.209611,2.697861,0.000000,0.181665,0.000000,1.370536,2.962246,0.136550,0.503482,0.000000,0.000000,1.531459,0.245676,4.295515,0.244499,1.742952,2.227636,0.000000,0.872448,1.958298,0.000000,0.000000,0.000000,1.128850,0.793451,0.000000,0.548972,1.032186,0.000000,0.000000,0.000000,2.142112,0.000000,0.000000,3.077054,0.848774,2.530176,0.000000,0.000000,0.627956,3.130926,0.186030,10.734246,0.000000,0.000000,0.522164,124.000000,0.000000,6.800972
1.639575,0.577106,4.480407,0.884330,3.217679,0.000000,2.181328,0.000000,0.897149,4.340250,1.154697,2.264617,0.000000,0.625758,2.208492,1.135347,3.697388,0.654407,1.634148,4.062706,0.029350,1.908295,3.431212,0.144149,0.872947,0.000000,0.043044,0.691512,0.000000,0.843359,2.002509,0.000000,0.000000,0.000000,3.179785,0.071873,0.125109,5.023261,0.139350,1.249861,0.000000,0.237387,0.813527,2.930535,0.000000,10.834388,0.221642,0.057060,0.145312,146.000000,0.029426,6.804649
2.997870,0.237426,4.418871,1.497690,0.589092,0.000000,0.844822,0.524792,0.520555,4.959032,0.138532,2.340111,2.257305,0.000000,0.683924,0.000000,3.329064,1.661350,1.519699,4.210630,0.015152,1.518621,3.371655,0.292374,1.997970,0.000000,0.000000,0.612313,0.000000,1.090828,1.727024,0.329383,0.000000,0.000000,3.017929,0.743260,0.488886,4.645783,1.166515,2.801664,0.000000,0.301716,0.205557,3.692344,0.000000,10.671801,0.160450,0.329891,0.081747,73.000000,0.000000,6.804866
2.726140,0.845114,3.930775,0.013526,2.662386,0.350283,0.267363,0.087722,0.913508,1.301228,0.000000,1.098709,0.601788,0.571112,1.322235,0.000000,2.632493,0.071107,1.146474,2.162624,0.000000,0.222051,2.100942,0.375364,2.052426,0.000000,0.649426,0.000000,0.000000,0.460924,0.997284,0.000000,0.000000,0.000000,1.879864,0.000000,0.070889,2.664759,0.000000,2.430832,0.000000,0.000000,0.108456,1.064518,0.000000,10.766435,0.000000,0.000000,0.000000,124.000000,0.330961,6.813187
3.038482,0.135370,3.890685,0.431160,1.149775,0.478558,0.313302,0.285959,0.155690,3.783973,1.010555,2.604897,0.986214,0.825552,0.332425,0.205605,3.247478,2.148784,0.439446,3.396348,0.495213,2.016911,4.886722,0.258556,2.799277,0.000000,1.415345,1.299358,0.000000,0.560025,0.628547,0.000000,0.000000,0.000000,2.893444,0.110966,1.971150,4.096575,0.000000,2.722414,0.000000,0.000000,0.501344,3.738245,0.000000,10.787994,0.102213,0.439547,0.146639,73.000000,0.689922,6.816267
0.634232,2.163589,4.903845,0.564403,3.548496,0.177667,0.043250,0.384643,2.232148,2.704384,0.748635,2.978875,0.475561,0.000000,0.964144,0.504520,4.387517,0.000000,1.643446,3.288188,0.000000,0.367011,2.785436,0.539899,0.000000,0.000000,1.206985,0.000000,0.000000,0.960106,1.654133,0.041303,0.000000,0.000000,2.585907,0.276383,0.163258,3.352273,0.228340,2.811408,0.000000,0.000000,0.509549,2.655201,0.000000,11.000377,0.000000,0.000000,0.021533,135.000000,0.834252,6.816796
1.562967,0.000000,4.357759,0.561401,3.204260,0.060106,0.000000,0.695817,1.896783,2.895507,0.000000,0.846860,0.756120,0.000000,0.103716,0.000000,2.719007,1.144100,0.100474,0.000000,0.053576,0.427530,2.818811,0.225978,1.721389,0.000000,0.679169,0.000000,0.000000,0.691343,0.451018,0.000000,0.000000,0.000000,2.230814,0.000000,0.000000,2.505968,0.000000,2.674744,0.000000,0.000000,0.339782,1.930872,0.000000,10.874516,0.000000,0.000000,0.175199,167.000000,0.091483,6.821601
2.573816,0.000000,3.917945,0.459757,0.008061,0.362829,0.000000,0.123518,0.000000,4.140559,0.334846,0.565903,0.113804,0.261877,0.557876,0.000000,2.771697,1.634121,0.553197,2.424385,0.000000,0.000000,2.801377,0.000000,0.805702,0.000000,0.963765,0.590759,0.000000,0.675396,0.806884,0.000000,0.000000,0.000000,1.753229,0.053834,0.350639,3.322486,0.000000,3.037982,0.000000,0.000000,0.566612,2.182909,0.000000,10.826838,0.151796,0.000000,0.000000,124.000000,0.000000,6.823183
3.176950,0.000000,5.296083,1.112462,3.159492,0.000000,0.298168,0.000000,0.000000,5.955422,0.000000,2.305038,1.788520,0.144801,1.941496,0.000000,4.462343,1.819908,0.723113,2.622553,0.047191,2.406296,4.818817,0.000000,2.190863,0.000000,0.691133,0.000000,0.000000,0.282190,1.409341,0.000000,0.000000,0.103103,2.458355,0.077292,1.394774,5.153437,0.371741,3.093302,0.000000,0.000000,0.286146,4.226950,0.000000,10.829021,0.000000,0.095746,0.108874,89.000000,0.000000,6.825604
3.614715,0.928379,4.402391,0.287356,1.986818,0.091723,0.321701,2.758625,1.402820,2.224176,0.000000,1.371082,0.418928,0.344102,1.818677,0.000000,4.175156,0.862622,1.629492,3.519318,0.085828,0.549853,3.113321,0.159869,2.151274,0.000000,1.436548,0.288181,0.000000,0.594268,0.658063,0.027129,0.000000,0.000000,2.458355,0.196629,0.082193,3.473741,0.328565,3.038569,0.000000,0.000000,0.000000,3.126253,0.000000,10.880633,0.000000,0.000000,0.000000,144.000000,0.000000,6.827379
2.038834,1.284286,5.509546,1.062415,4.224804,0.861318,1.570796,0.000000,0.702035,3.306351,0.009613,2.279312,0.339480,0.122832,2.527155,1.080218,4.153029,0.637857,1.550128,4.364302,0.000000,1.556880,3.811807,0.036625,1.420887,0.000000,1.091953,0.427102,0.000000,0.776056,1.495955,0.000000,0.231850,0.000000,2.871112,0.443523,0.769863,3.697853,0.244059,2.699870,0.000000,0.096814,0.515702,2.750690,0.000000,10.895437,0.000000,0.000000,0.000000,146.000000,0.000000,6.840312
3.845880,0.000000,5.061590,1.501341,3.655739,0.727268,1.773736,0.000000,1.764195,4.399228,0.117903,2.226999,2.495254,0.000000,2.321307,0.000000,4.110907,2.132321,2.042432,3.430119,0.870808,1.025810,3.562260,0.371147,3.069241,0.072741,0.809580,0.858091,0.000000,1.003449,0.842356,0.345587,0.000000,0.000000,2.824903,0.128820,1.335751,4.362443,0.000000,2.903733,0.000000,0.196993,1.263703,2.892910,0.000000,10.859292,0.000000,0.000000,0.000000,125.000000,0.340726,6.842467
3.222654,1.248792,4.515791,1.628807,1.907730,0.389536,0.595367,0.544278,0.253522,3.326554,0.000000,1.406390,1.947578,0.512935,1.732726,0.704332,3.132539,1.370837,0.777923,3.003471,0.000000,0.826389,0.936687,0.334256,2.169693,0.000000,1.067890,0.059725,0.000000,0.257508,0.471161,0.128789,0.000000,0.000000,2.458355,0.174052,0.253694,3.193055,0.227099,2.245816,0.000000,0.139109,0.271817,4.662252,0.000000,10.810472,0.000000,0.000000,0.376282,144.000000,0.385682,6.842492
1.947293,0.496002,4.937458,0.823085,2.980074,0.000000,1.169969,0.458736,1.713272,5.192038,0.408795,2.055753,0.000000,0.000000,1.111177,0.000000,4.554395,0.863355,0.119210,2.165767,0.158708,1.831058,4.373151,0.846991,1.431433,0.000000,0.000000,0.596755,0.000000,0.698560,0.541225,0.000000,0.135721,0.119567,2.585907,0.415887,1.105197,4.305219,0.279088,2.942060,0.000000,0.000000,0.789260,2.542918,0.558325,10.899625,0.093147,0.097089,0.000000,83.000000,0.000000,6.842802
2.439332,0.292600,6.042799,1.212137,3.875573,0.707029,2.746774,0.039950,1.028709,2.014904,0.051132,1.253228,0.328575,0.000000,1.838336,0.345914,3.720058,1.407616,0.573021,2.609311,0.000000,1.017132,2.737846,0.506181,0.945393,0.000000,0.859288,1.093010,0.000000,0.790167,1.092590,0.000000,0.000000,0.000000,2.524137,0.278308,0.897780,2.680937,0.534405,2.739732,0.177784,0.801620,1.302586,4.629755,0.000000,10.924215,0.000000,0.000000,0.000000,131.000000,0.000000,6.847634
3.428060,1.851346,5.580701,1.775797,1.992020,0.699180,0.840998,2.937794,0.430210,3.884844,0.103063,3.228494,2.132804,0.073787,1.156899,0.654916,3.812253,1.929314,1.804537,2.873545,0.000000,1.691701,4.808651,0.154816,3.261990,0.000000,1.399174,0.720575,0.000000,0.770110,0.938663,0.182978,0.000000,0.093532,2.615433,0.393249,0.549303,5.979627,0.000000,2.451751,0.000000,0.525238,0.837879,4.497448,0.000000,10.699481,0.000000,0.015692,0.833861,89.000000,0.453539,6.848749
3.118205,0.622059,4.233344,0.751299,2.224168,0.000000,0.971487,0.109635,1.457413,3.485083,0.000000,1.248224,2.064882,0.000000,1.507769,0.044992,3.670007,1.082090,1.174557,2.036606,0.000000,1.901252,0.937062,0.323195,2.226493,0.000000,0.024665,0.956420,0.000000,0.719024,0.651175,0.067748,0.154770,0.000000,2.388011,0.000000,0.000000,4.052091,0.000000,2.202019,0.000000,0.250207,0.103437,3.988090,0.000000,10.708011,0.000000,0.234641,0.000000,144.000000,0.000000,6.850668
0.689489,0.512019,4.089882,0.000000,1.023936,1.087806,0.646578,0.234096,1.181352,1.793769,0.000000,0.185374,0.000000,0.000000,1.001153,0.000000,2.350387,0.000000,1.277216,2.551761,0.000000,0.570981,1.507029,0.000000,0.468412,0.000000,1.284616,0.683961,0.000000,0.270944,0.372987,0.000000,0.000000,0.000000,2.388011,0.000000,0.000000,3.249779,0.004922,0.307604,0.000000,0.102839,0.218348,2.761178,0.000000,10.783859,0.000000,0.000000,0.000000,124.000000,0.000000,6.850988
2.477540,1.263937,5.209146,0.843475,2.343215,0.075916,0.910740,0.029166,0.516602,2.202191,0.103127,1.850364,0.866345,0.005395,0.464335,0.000000,3.356008,1.348258,1.425432,0.000000,0.175882,2.576258,3.335173,0.426520,2.381438,0.000000,0.000000,0.308345,0.000000,0.403716,0.490487,0.147735,0.000000,0.000000,2.388011,0.041768,0.307891,5.144634,0.260490,2.742954,0.000000,0.000000,0.969721,3.983140,0.000000,10.890094,0.000000,0.005298,0.346285,104.000000,0.000000,6.853590
2.289040,0.612965,4.270097,0.815309,2.711382,0.915315,0.803409,0.411532,0.183164,4.010378,0.000000,2.196970,0.000000,0.085202,1.439909,0.000000,3.551841,1.847621,1.088714,3.644367,0.000000,2.658679,2.436481,1.003942,1.388307,0.000000,0.573371,0.000000,0.027710,0.279611,0.128029,0.310529,0.000000,0.000000,2.915291,0.000000,0.000000,4.448914,0.216768,1.259035,0.168882,0.961479,0.000000,5.200196,0.069224,10.876448,0.000000,0.000000,0.731648,135.000000,0.512126,6.856669
3.211450,2.076766,4.948781,0.322613,4.810513,0.000000,2.510572,0.161991,1.694957,4.598697,0.080902,2.440399,1.355979,1.041106,1.662364,0.958142,4.351416,0.945261,2.342745,2.104827,0.161123,3.947295,5.303989,0.948490,2.252270,0.000000,0.371863,0.430833,0.000000,1.014400,1.004133,0.000000,0.000000,0.000000,2.312438,1.596354,2.082148,5.589954,0.000000,2.582690,0.000000,0.651431,0.053414,4.408950,0.000000,10.930035,0.281720,0.499983,0.474818,187.000000,0.000000,6.857453
2.375478,0.000000,3.566990,0.288426,1.197602,0.000000,0.517737,0.000000,1.746253,2.117282,0.000000,0.677797,0.902277,0.000000,1.315634,0.397795,2.554967,1.075116,0.135128,1.334732,0.000000,1.131034,1.865960,0.880808,2.219434,0.000000,0.058634,0.000000,0.000000,0.924047,0.118114,0.000000,0.000000,0.067005,2.272441,0.000000,0.000000,3.271664,0.199844,2.793424,0.165355,0.000000,0.114335,1.400924,0.000000,10.771399,0.163541,0.000000,0.000000,124.000000,0.000000,6.859688
2.035248,1.040638,4.697564,2.522155,3.046079,0.566733,1.077597,2.825248,1.256393,4.347629,0.560633,1.713505,0.492737,0.000000,2.440783,0.157855,4.035884,0.813560,1.262380,2.419907,0.000000,1.693268,4.220853,0.315384,0.895431,0.000000,0.000000,0.000000,0.243659,0.786638,0.641859,0.000000,0.183377,0.000000,2.751355,0.000000,1.300434,4.978014,0.000000,2.720109,0.000000,0.033841,1.026992,2.662908,0.000000,10.807956,0.004606,0.255441,0.696065,158.000000,0.000000,6.860572
1.238396,0.328375,5.869346,0.335855,2.152127,0.000000,2.368214,0.000000,3.445845,4.365955,0.063355,1.749094,1.622807,0.355389,1.976374,0.000000,3.008109,1.677355,1.006150,2.890563,0.074811,3.249597,3.053652,0.447035,1.557793,0.154129,0.216722,0.000000,0.000000,1.005843,1.562251,0.389623,0.000000,0.000000,1.818447,0.000000,0.501533,5.716050,0.185094,2.272077,0.000000,0.007760,0.682266,5.910035,0.000000,10.857213,0.000000,0.000000,0.623346,125.000000,0.000000,6.862069
2.315712,0.794942,4.491202,0.433304,3.007065,0.134141,1.074667,1.031752,0.000000,1.660571,0.114313,1.855189,1.700398,0.000000,1.971278,0.338078,3.858852,1.124417,1.097851,3.090049,0.000000,1.050036,2.927478,0.722478,2.487538,0.000000,0.000000,0.077057,0.000000,1.175151,1.246093,0.058263,0.000000,0.000000,2.312438,0.157995,0.040112,3.295219,0.481010,2.461083,0.000000,0.000000,0.415689,3.465955,0.000000,10.900435,0.000000,0.000000,0.000000,144.000000,0.000000,6.866025
2.617523,0.000000,4.021095,0.202565,1.223698,0.367513,0.068618,0.000000,1.396434,3.773651,0.000000,0.000000,1.222701,0.000000,0.794991,0.307323,2.769013,1.968556,1.586648,1.939386,0.512419,2.099670,3.111100,0.711752,2.740604,0.000000,1.360255,0.367493,0.000000,0.705106,1.617999,0.000000,0.000000,0.137583,2.312438,0.000000,0.711010,4.577555,0.000000,2.544845,0.000000,0.000000,0.018485,2.751584,0.153566,10.840860,0.000000,0.274361,0.000000,73.000000,0.000000,6.866301
3.136112,1.236437,2.919157,1.458613,2.099116,1.593195,0.000000,0.000000,0.174060,2.772533,0.224603,1.348082,1.558741,0.453255,1.025932,0.099085,3.542132,1.045684,1.089559,4.141705,0.000000,0.684859,1.894765,0.178840,1.666447,0.088260,1.333225,0.516532,0.000000,1.044135,1.282585,0.000000,0.000000,0.000000,2.871112,0.000000,0.000000,2.038576,0.000000,2.884466,0.000000,0.080557,0.000000,3.336404,0.000000,10.894662,0.000000,0.000000,0.000000,144.000000,0.276744,6.867002
3.371693,0.072334,4.648272,0.587313,1.068468,0.000000,0.000000,0.307413,1.941279,3.719369,0.000000,1.794609,0.587904,0.296180,1.808494,0.000000,3.545095,1.630279,0.581077,2.074371,0.000000,1.601962,2.176577,0.723744,2.695497,0.000000,1.046110,0.476619,0.000000,0.582643,1.197931,0.108208,0.000000,0.000000,2.350926,0.000000,0.170310,3.990089,0.079938,2.624117,0.000000,0.000000,0.010151,4.554587,0.000000,10.823083,0.000000,0.101051,0.000000,135.000000,0.000000,6.873067
1.726709,1.093053,5.522612,1.089748,2.048704,0.000000,0.446303,2.700147,0.568405,3.646303,0.099191,2.689554,0.674582,0.337295,1.123944,0.000000,3.702697,1.540735,1.441634,1.099211,0.022786,0.971298,3.095310,0.303704,0.765245,0.000000,0.673402,0.179017,0.000000,0.741170,0.912393,0.000000,0.000000,0.000000,2.458355,0.000000,0.094197,4.362230,0.732319,2.778025,0.000000,0.018289,1.510587,4.763162,0.000000,10.860785,0.000000,0.415857,0.513447,166.000000,0.144612,6.879239
2.166899,1.831805,4.379607,3.424967,1.804291,0.369071,0.367898,4.982924,0.438600,3.733284,0.000000,2.331476,0.162918,0.000000,0.873880,0.534618,3.611413,1.441405,0.705651,4.173075,0.000000,1.848484,2.645124,0.605296,1.605406,0.193481,1.311360,0.001049,0.000000,0.779106,1.176929,0.000000,0.000000,0.000000,2.998223,0.065597,0.098021,3.273067,0.000000,3.106717,0.276898,0.588730,0.350932,4.421541,0.000000,10.926436,0.098514,0.507587,0.156038,170.000000,0.770613,6.880389
1.515669,1.360326,5.765277,1.874046,3.106292,0.689730,1.347170,0.000000,1.858970,4.333860,0.000000,2.967541,0.468190,0.650318,2.219444,0.459835,4.768450,0.306619,0.940015,3.619638,0.000000,2.524022,5.228789,0.047000,0.523868,0.122470,1.320848,1.001697,0.000000,0.863543,1.783099,0.000000,0.000000,0.000000,3.128679,0.212523,1.484220,5.550137,0.641755,3.370597,0.000000,0.000000,0.202980,2.692140,0.000000,10.752308,0.000000,0.214277,1.005730,83.000000,0.342213,6.883897
3.109707,0.000000,4.554740,1.089512,1.025746,0.000000,0.000000,0.000000,1.584669,4.363694,0.754600,2.394361,1.035080,1.391911,1.340581,0.268653,3.306081,2.169172,0.824409,2.934342,0.694673,3.173445,5.518188,0.492424,2.607185,0.000000,0.211340,0.115590,0.144998,0.491228,1.230246,0.000000,0.000000,0.000000,2.094712,0.802970,2.363790,4.812757,0.000000,2.561551,0.000000,0.000000,0.223331,3.279454,0.000000,10.896055,0.077930,0.476897,0.000000,102.000000,0.082196,6.887444
3.129936,0.236966,4.787897,1.646172,1.446728,1.155085,0.137953,1.906448,2.691021,3.855156,0.954755,2.120008,1.282106,0.252702,0.975904,0.182962,3.206047,1.976992,0.748747,3.713833,0.000000,1.153681,0.633734,0.000000,2.268004,0.000000,1.112911,0.839398,0.000000,0.487733,1.199553,0.000000,0.047141,0.000000,2.615433,0.000000,0.423062,4.055246,0.634166,2.667617,0.000000,0.000000,0.672075,4.530341,0.000000,10.962229,0.000000,0.000000,0.122701,158.000000,0.110580,6.903004
0.943398,1.033013,3.996359,0.424761,1.825582,0.000000,1.451477,0.039305,0.199773,2.656309,0.000000,0.406059,0.000000,0.000000,0.948907,0.370377,4.501091,0.168734,1.262382,1.718148,0.000000,1.329183,2.664111,0.000318,0.639916,0.000000,0.714198,0.000000,0.000000,1.299592,1.800961,0.000000,0.000000,0.130417,2.142112,0.000000,0.268338,4.177032,0.000000,3.529860,0.000000,0.000000,0.000000,3.979525,0.145788,10.925662,0.000000,0.000000,0.000000,124.000000,0.000000,6.909482
3.306879,0.000000,5.877136,0.927016,3.341804,0.476811,2.092052,0.005702,0.076897,4.656577,1.376332,1.519478,0.269048,1.073838,2.206151,0.837887,4.005742,2.958601,1.670607,2.447878,1.285069,2.613154,4.745738,0.169712,3.149650,0.000000,1.382164,0.620545,0.000000,1.275420,2.259628,0.000000,0.086068,0.193991,2.423792,0.196912,0.440657,4.716139,0.215620,3.133572,0.008392,0.143322,0.991908,5.477622,0.000000,10.973275,0.000000,0.078227,0.000000,89.000000,0.000000,6.912489
1.832433,0.000000,4.418922,0.643732,1.797489,0.111286,0.410659,0.000000,0.641130,2.559041,0.358643,1.495208,0.507821,0.000000,0.700729,0.062106,3.236018,1.460332,0.548158,2.838970,0.000000,0.179324,1.455842,0.000000,1.752896,0.000000,0.000000,0.000000,0.000000,0.402674,1.428494,0.430052,0.000000,0.000000,2.350926,0.111747,0.173698,3.103140,0.678653,0.930643,0.000000,0.077820,0.070894,1.989123,0.164970,10.950590,0.000000,0.000000,0.000000,124.000000,0.000000,6.917275
3.907064,0.151610,4.012864,0.000000,2.953291,0.068084,1.543496,0.422966,0.254657,4.730810,0.089294,2.431993,1.070657,0.954307,1.601515,0.000000,4.676158,2.208522,1.457954,2.504590,0.500097,2.261472,4.015344,0.302585,2.459314,0.009273,0.848977,0.299701,0.000000,1.674088,1.821289,0.000000,0.000000,0.000000,2.272441,0.043140,0.018820,3.510943,0.282148,3.423655,0.000000,0.397884,0.798463,4.519908,0.000000,10.836460,0.000000,0.000000,0.000000,73.000000,0.000000,6.925139
2.078661,2.819719,6.701888,0.000000,1.764000,2.509712,3.259683,1.850971,2.614885,3.643703,0.202813,2.376172,3.966879,0.767502,1.056216,0.439955,5.070670,0.007135,2.745051,2.985290,0.407309,3.292928,2.759899,0.836924,0.268350,0.000000,1.220659,1.580270,0.000000,1.266383,1.504041,0.860937,0.000000,0.010501,2.142112,0.000000,0.247560,6.061417,0.441324,3.862187,0.309230,0.202128,0.411904,4.412181,0.363367,10.829658,0.019825,0.211975,0.284519,191.000000,0.384116,6.926088
2.424928,0.000000,4.700613,0.000000,2.654312,0.000000,0.133820,0.000000,1.798681,4.459760,1.128002,2.561299,3.035794,0.000000,0.903925,0.692328,3.490142,1.856575,0.505766,3.069731,0.000000,1.768959,3.759299,0.124459,3.131810,0.000000,0.000000,0.181465,0.037338,1.001993,1.586745,0.157073,0.000000,0.000000,2.491780,0.136648,0.493357,4.190775,0.344393,2.999699,0.000000,0.000000,0.451362,3.791367,0.000000,10.948051,0.184251,0.265950,0.144238,135.000000,0.130707,6.931996
2.312618,0.000000,2.983887,0.000000,0.226989,0.000000,0.511270,0.058431,0.000000,0.984423,1.731709,0.259311,0.853312,1.434836,1.009577,0.000000,2.498736,0.516428,0.000000,3.273064,0.000000,0.121097,1.417944,0.554268,0.197770,0.000000,1.437801,0.842882,0.000000,0.441411,0.867287,0.000000,0.000000,0.000000,2.725596,0.000000,0.000000,2.987006,0.302196,1.586982,0.000000,0.442954,0.565377,1.231186,0.179627,10.924457,0.000000,0.000000,0.032080,124.000000,0.247705,6.934315
1.986626,0.998452,5.012920,1.163183,3.533707,0.000000,1.697377,1.747148,1.275536,2.230675,0.000000,0.574896,0.578328,0.006204,0.778091,0.454089,4.043592,0.389532,1.277559,1.145117,0.000000,1.508164,3.439776,0.000000,0.000000,0.000000,1.397807,0.208401,0.000000,1.410593,1.772071,0.000000,0.000000,0.000000,2.142112,0.000000,0.000000,4.412042,0.000000,3.441572,0.000000,0.000000,0.095016,3.102835,0.000000,10.785096,0.000000,0.293084,0.219029,166.000000,0.290160,6.934995
1.822524,0.704217,4.643170,0.858915,1.170035,0.000000,0.015760,0.000000,1.199591,5.137656,0.237268,2.504329,1.127616,0.192514,0.739104,0.000000,3.366371,1.363166,1.901840,3.831519,0.025908,2.636641,3.503530,1.325631,2.139441,0.097565,0.939584,0.054649,0.000000,0.807066,1.210283,0.000000,0.000000,0.000000,2.615433,0.326883,0.661939,4.555517,0.000000,2.881303,0.000000,0.674858,0.751794,5.364717,0.696296,10.868472,0.000000,0.000000,0.216190,73.000000,0.000000,6.939040
2.541899,0.428999,6.216158,2.778847,3.821745,2.112220,2.262064,0.081638,0.693971,3.665071,0.002384,2.375702,1.991355,0.453023,2.933281,0.000000,4.492255,1.908824,0.992302,0.939077,0.002397,1.652953,4.599407,0.499547,1.176337,0.000000,1.401319,0.000000,0.000000,1.123348,0.663398,0.000000,0.316007,0.128986,2.312438,0.363488,0.797806,4.292178,0.000000,2.741090,0.000000,0.235569,0.937268,4.417153,0.000000,10.893668,0.077442,0.105346,0.292409,131.000000,0.000000,6.939090
3.264140,0.086781,6.176611,0.312036,3.593398,2.895478,3.405314,0.062364,0.306657,4.145928,0.000000,0.572578,0.600177,1.160746,2.176867,1.121704,3.993785,1.861927,2.509182,3.215590,0.000000,1.471239,3.919258,0.106242,2.282433,0.000000,1.134933,0.000000,0.000000,1.433891,0.939579,0.000000,0.000000,0.000000,2.272441,0.000000,0.561876,4.452575,0.039787,2.916222,0.000000,0.256015,1.474846,3.983335,0.001463,10.897045,0.000000,0.291705,0.000000,131.000000,0.000000,6.939675
3.782500,0.000000,5.938149,1.149069,2.090784,0.000000,2.915664,0.002940,2.676013,2.000329,0.000000,1.205821,2.039885,0.835621,0.886171,0.847369,3.780957,2.470867,1.650106,2.525780,0.000000,2.077673,4.493001,0.841999,2.649277,0.000000,1.022226,0.372847,0.000000,0.634922,1.163625,0.000000,0.000000,0.000000,2.491780,0.099341,0.869257,5.008399,0.000000,2.698665,0.000000,0.956376,1.275159,4.288991,0.000000,10.864766,0.127064,0.069215,0.300490,131.000000,0.000000,6.940308
2.997180,0.129458,4.778773,0.171609,0.788232,0.734576,0.357448,0.369676,2.435719,5.126912,0.741859,1.273644,1.491136,1.347709,1.996434,0.893702,3.136720,1.629253,1.896820,4.662148,0.164699,2.980651,5.183527,0.240685,2.215761,0.099218,1.013777,0.355593,0.000000,0.359156,1.113489,0.000000,0.000000,0.000000,1.609438,0.986682,1.747365,4.062526,0.515388,2.517303,0.000000,0.417737,0.415371,4.796758,0.000000,10.874673,0.143636,0.000000,0.000000,102.000000,0.000000,6.941375
2.164912,0.044466,4.192033,0.000000,0.255796,0.132182,0.809811,0.106955,0.000000,1.711095,0.000000,0.293253,0.000000,0.296058,2.166997,0.000000,4.254987,0.972248,1.516101,2.364523,0.000000,1.963089,2.388895,0.016151,1.672492,0.215941,1.115357,0.116595,0.000000,1.067030,1.559066,0.000000,0.000000,0.000000,2.142112,0.000000,0.000000,3.747197,0.000000,2.879111,0.000000,0.022504,0.335334,3.657044,0.000000,10.688985,0.000000,0.000000,0.528640,144.000000,0.134018,6.941444
2.741694,0.795453,4.512197,1.762052,0.982011,0.000000,0.159346,0.000000,1.486805,5.603422,0.000000,2.151454,1.425580,0.000000,1.182613,0.000000,3.999035,1.917426,1.643080,2.900049,0.345923,1.882739,4.094057,0.874176,2.172121,0.000000,0.921138,0.245085,0.000000,0.684520,1.658707,0.216432,0.000000,0.000000,2.458355,0.000000,0.990254,3.838820,0.000000,2.990921,0.000000,0.000000,0.168268,3.078880,0.000000,10.796819,0.000000,0.000000,0.311542,73.000000,0.486035,6.943930
3.374937,0.000000,4.454885,1.172743,3.877572,0.187325,0.998301,0.000000,0.236888,5.725328,0.420657,2.950551,1.795171,1.206976,2.397599,0.502593,3.955049,2.641717,1.528048,2.571217,0.149803,1.404483,3.524892,0.484070,3.040424,0.000000,0.511138,0.804565,0.087326,0.452019,0.243446,0.000000,0.158022,0.000000,2.524137,0.000000,0.705806,3.636920,0.000000,2.165114,0.000000,0.295442,0.512070,2.476697,0.549905,10.799599,0.000000,0.000000,0.000000,89.000000,0.088603,6.944388
2.936332,0.000000,3.941173,0.000000,2.724542,0.090909,0.290954,0.124118,0.365575,2.279471,0.259555,0.084775,1.534159,0.019807,0.856697,0.000000,3.037626,1.181073,1.568986,3.183108,0.104850,2.110438,2.972856,0.116786,2.441550,0.000000,0.751552,0.956992,0.044109,0.542260,1.034435,0.120676,0.000000,0.000000,2.644121,0.000000,0.266245,4.644407,0.000000,2.744528,0.000000,0.315669,0.122621,4.393266,0.000000,10.845342,0.000000,0.076346,0.217443,144.000000,0.108845,6.945655
2.831615,0.000000,4.669933,0.371473,1.321288,0.000000,0.649792,0.550836,0.182910,3.594567,0.442319,1.876086,0.709572,1.807328,1.619400,0.000000,4.008431,2.286062,0.882622,1.601182,0.000000,1.788147,5.177765,0.714632,1.689909,0.383196,0.003823,0.000000,0.000000,0.792852,1.652465,0.000000,0.000000,0.483148,2.272441,0.683172,1.920687,4.721104,0.000000,2.775418,0.063110,0.000000,0.829005,4.588974,0.000000,10.864625,0.000000,0.259950,0.648162,73.000000,0.000000,6.946007
2.738127,0.214864,1.832433,1.574381,0.062143,0.000000,0.161215,0.000000,0.351784,3.374530,1.661915,1.298416,0.062277,1.209842,1.221354,0.142450,2.413253,2.386612,0.975202,2.793717,0.124522,1.761690,4.869042,0.603107,1.947299,0.000000,1.113422,0.126598,0.000000,1.366807,0.944753,0.000000,0.000000,0.000000,2.615433,0.873392,1.403967,4.986823,0.716972,3.361172,0.000000,0.802276,0.421941,4.520209,0.000000,10.845454,0.081079,0.799896,0.138229,73.000000,0.033341,6.947445
3.642095,0.000000,4.315644,0.554011,3.503040,1.013700,0.300823,0.000000,0.175610,5.213645,0.481896,1.071044,0.619691,0.852398,1.950641,0.518147,3.941646,2.369575,1.316728,2.395922,0.000000,1.983676,5.094812,1.268263,3.085645,0.000000,1.313445,0.849280,0.000000,0.588606,1.392285,0.297347,0.000000,0.000000,2.524137,0.682758,1.190840,4.520008,0.000000,2.950433,0.000000,0.000000,0.513819,2.354581,0.000000,11.029283,0.138093,0.000000,0.249170,89.000000,0.000000,6.948180
2.102405,0.188214,5.063317,0.511859,2.400434,0.000000,0.155360,0.000000,0.000000,2.726151,0.000000,2.966448,1.498759,0.000000,1.493804,0.401192,3.908508,1.374875,1.558877,3.294376,0.000000,0.000000,2.095233,0.032561,2.625009,0.000000,0.843720,0.000000,0.000000,0.317566,0.441316,0.000000,0.000000,0.000000,2.524137,0.619067,0.059112,3.835999,0.226849,2.950924,0.000000,0.000000,0.481742,2.834244,0.102484,10.993611,0.092586,0.355368,0.180597,144.000000,0.000000,6.949233
3.260830,0.165028,5.607968,2.735528,3.550796,0.144055,0.408510,0.000000,0.000000,3.444065,0.000000,2.899674,0.000000,1.091773,2.662441,0.198323,4.196992,2.454520,1.460313,2.620597,0.000000,1.175074,2.608278,0.550977,2.491877,0.000000,1.421265,0.087560,0.000000,0.242965,2.079144,0.000000,0.000000,0.177858,2.644121,0.000000,0.562857,1.503787,0.000000,2.678401,0.000000,0.486728,1.227858,2.978106,0.000000,10.987041,0.071372,0.000000,0.000000,193.000000,0.000000,6.951417
1.760531,1.292871,4.479967,0.513829,2.484275,0.316982,1.066366,0.040687,0.000000,3.970616,0.192363,2.544521,1.497126,0.000000,2.018345,0.551925,2.995919,1.053839,1.916775,2.843148,0.000000,1.082996,1.949551,0.112753,2.053088,0.000000,0.000000,0.397097,0.000000,0.894035,0.441566,0.000000,0.000000,0.000000,2.615433,0.000000,0.101371,3.493029,0.000000,2.670420,0.000000,0.000000,0.298457,4.441357,0.000000,10.703152,0.000000,0.029846,0.000000,144.000000,0.000000,6.951672
3.195977,2.353570,4.822251,1.940451,1.274635,0.000000,0.680142,4.837434,0.523826,3.636284,0.000000,1.816370,0.695753,0.119705,1.884669,0.000000,4.213132,0.682716,1.824510,2.266077,0.309508,1.979413,3.704360,0.179119,1.696455,0.000000,1.413432,0.346198,0.000000,0.747688,1.170218,0.000000,0.178068,0.000000,2.312438,0.136871,0.337458,4.745169,0.701488,2.717108,0.084203,0.266431,0.611981,3.823480,0.000000,10.818236,0.000000,0.192794,0.193125,170.000000,0.000000,6.952493
2.909432,0.524651,5.740682,0.372961,0.812653,0.313312,1.153882,1.158196,2.549638,2.358220,0.406832,2.676285,0.665222,0.465356,2.423326,0.304633,3.650304,2.751537,1.610181,2.749027,0.712247,1.000630,5.207746,0.000000,2.045718,0.000000,1.179619,0.482461,0.186265,0.901745,1.603137,0.000000,0.000000,0.000000,2.458355,0.558004,1.873034,5.774341,0.000000,3.362782,0.000000,0.000000,0.570404,2.112229,0.000000,10.890736,0.000000,0.722832,0.000000,102.000000,0.000000,6.952613
3.030217,0.447870,5.096859,1.442849,2.715106,1.333104,1.402501,2.458236,2.192392,4.202594,0.429792,1.699047,0.076801,0.000000,2.148377,0.735816,4.368493,1.538080,2.063273,3.628994,0.000000,1.781432,2.704090,0.954530,2.625699,0.000000,0.000000,0.000000,0.000000,0.602311,1.621862,0.113768,1.199657,1.660980,2.915291,0.000000,0.465233,4.886094,0.646399,2.955608,0.000000,0.000000,0.876870,3.767538,0.000000,10.806931,0.000000,0.003708,0.450230,158.000000,0.000000,6.955130
2.005883,0.332401,4.135866,2.228717,1.637499,0.411390,0.000000,0.000000,1.717410,4.765714,2.893026,0.000000,0.000000,2.389594,2.081490,0.000000,4.082986,0.000000,0.312318,4.729524,0.000000,1.196844,1.890909,0.000000,0.536252,0.000000,0.000000,0.000000,0.000000,1.254729,0.932603,0.000000,0.000000,0.000000,3.146005,0.000000,0.000000,2.999529,0.000000,3.091910,0.000000,1.031184,0.171994,2.793967,0.172165,10.798191,0.000000,0.000000,0.000000,195.000000,0.100999,6.955161
1.834204,2.144319,4.468697,1.856000,0.950966,0.260491,0.286167,0.766273,0.594443,2.249836,2.702459,1.825767,0.056302,1.933746,1.477778,0.000000,2.934664,0.737781,0.384978,4.363057,0.022602,0.514032,1.422634,0.637546,1.117309,0.000000,0.814870,0.000000,0.000000,1.080080,2.444959,0.000000,0.000000,0.000000,2.230814,0.050459,0.105381,3.896705,1.560917,2.381948,0.000000,0.725600,0.627718,2.338751,0.000000,10.936361,0.000000,0.000000,0.000000,195.000000,0.000000,6.955164
3.747217,0.158315,6.430981,0.746189,3.949998,1.164276,2.132225,0.330054,3.344772,5.135522,0.314788,2.247543,2.696861,1.525162,2.258200,0.000000,4.146525,2.450092,2.496380,4.345329,1.151062,2.447722,3.430395,1.222868,2.572366,0.000000,1.121968,0.405551,0.000000,1.015452,1.052065,0.000000,0.000000,0.333088,2.776472,0.030598,0.125831,5.120144,0.000000,4.056836,0.000000,0.000000,1.256012,4.980745,0.077095,10.776220,0.000000,0.429430,0.000000,125.000000,0.000000,6.956870
2.876515,0.829737,4.225180,0.174710,2.231179,0.000000,1.042722,0.000000,0.000000,2.494364,0.332764,1.408079,1.248361,0.621765,1.342898,0.116731,4.160366,1.034885,1.691831,3.168795,0.000000,0.782691,2.051014,0.108192,1.980048,0.000000,0.239114,0.250616,0.000000,1.411422,1.239100,0.000000,0.000000,0.000000,2.615433,0.140445,0.853687,3.195307,0.000000,2.938992,0.000000,0.000000,0.074907,3.257495,0.000000,10.920313,0.000000,0.000000,0.000000,144.000000,0.000000,6.956961
2.999286,0.000000,4.200629,0.000000,0.328286,0.000000,0.649789,0.462637,0.000000,2.889417,0.000000,1.668981,0.000000,0.241237,0.061200,0.000000,2.379117,1.520275,0.792708,1.769153,0.000000,1.771607,4.251291,0.673612,2.626860,0.000000,1.167729,1.259731,0.000000,0.947740,0.900757,0.000000,0.000000,0.000000,2.045028,0.000000,0.663849,4.406541,0.138186,2.555700,0.000000,1.133749,0.000000,3.835162,0.000000,10.935488,0.000000,0.036816,0.000000,73.000000,0.000000,6.958172
1.627397,0.081293,4.989959,1.358567,2.774957,0.162933,0.620956,0.258247,1.381203,1.447429,0.088489,2.555431,1.443718,0.000000,0.779061,0.000000,4.322826,1.732663,0.000000,3.289312,0.000000,0.641322,3.813777,0.392299,0.314284,0.000000,0.000000,0.527066,0.000000,0.437003,0.842536,0.205762,0.000000,0.178390,2.978122,0.000000,0.864963,4.758421,0.622593,2.774358,0.000000,0.000000,0.401259,3.156369,0.000000,10.879577,0.000000,0.860716,0.392969,135.000000,0.000000,6.961335
3.390681,0.000000,3.698061,0.000000,0.898424,0.000000,0.005456,0.234954,0.000000,4.668414,0.293057,0.522272,1.021129,1.358548,1.948820,0.905292,3.376827,2.774056,0.798523,0.000000,1.132233,2.063425,3.881823,0.266986,3.068647,0.000000,1.229972,0.728356,0.000000,0.572189,1.068709,0.104835,0.000000,0.000000,2.094712,0.117283,0.558017,4.002844,0.000000,3.413682,0.000000,0.000000,0.000000,4.151695,0.000000,10.930205,0.000000,0.000000,0.323356,73.000000,0.000000,6.966563
2.984152,0.075479,2.260437,0.238233,0.545470,0.804503,0.000000,0.331676,0.000000,2.076639,0.181183,0.233576,0.000000,0.299084,0.766141,0.525702,2.276472,1.492965,0.036037,4.216878,0.075858,1.159212,1.684941,0.043041,2.285549,0.000000,1.383429,0.510941,0.000000,1.078963,1.532837,0.000000,0.062084,0.000000,2.776472,0.000000,0.170709,2.379841,0.000000,3.302268,0.014670,0.000000,0.000000,1.701090,0.000000,10.849624,0.000000,0.232028,0.000000,124.000000,0.535050,6.966808
1.464473,3.270767,2.568855,2.223458,1.627730,1.034337,2.141839,1.192124,1.639915,1.990157,0.000000,2.520957,1.614406,0.281960,2.589295,0.580355,4.203927,2.515806,0.508213,2.754110,0.717380,2.533531,1.426627,1.085277,3.790084,0.000000,1.744542,0.948591,0.000000,1.694454,0.974689,0.000000,0.000000,0.000000,2.585907,0.000000,0.030627,1.160175,0.147246,2.071641,0.000000,0.120281,1.816871,2.714537,0.000000,11.244946,0.000000,0.517274,0.000000,27.000000,0.000000,7.078444
0.583759,1.406442,3.698924,0.000000,1.592772,0.000000,1.574908,0.000000,0.629610,1.169277,0.000000,0.000000,0.000000,0.824953,1.179071,0.000000,2.644109,0.137680,0.000000,2.393478,0.000000,0.045885,0.756060,0.016018,1.325367,0.000000,0.574201,0.000000,0.000000,0.312552,0.676557,0.000000,0.000000,0.000000,1.937879,0.000000,0.000000,3.378734,0.467999,1.500710,0.000000,0.000000,0.001464,1.151405,0.000000,11.330617,0.000000,0.000000,0.220492,124.000000,0.000000,7.298018
